global_id,ifc_type,tag,name,material,volume_m3,bbox_volume_m3,density_kg_m3,weight_kg,weight_t,x_m,y_m,z_m
11Je14my97hBHYwYXU$RZN,IfcBeam,3072726,Schweißverbundträger:TRG_STA_SVT_1100 x 250:3072726,Metall - Baustahl S235,0.8567,7.5625,7850.0,6725.1,6.725,68.23,9.551,12.33
11Je14my97hBHYwYXU$RZM,IfcBeam,3072727,Schweißverbundträger:TRG_STA_SVT_1100 x 250:3072727,Metall - Baustahl S235,0.8567,7.5625,7850.0,6725.1,6.725,67.13,9.551,12.33
11Je14my97hBHYwYXU$RZR,IfcBeam,3072730,Schweißverbundträger:TRG_STA_SVT_1100 x 250:3072730,Metall - Baustahl S235,0.8567,7.5625,7850.0,6725.1,6.725,52.93,9.551,12.33
11Je14my97hBHYwYXU$RZQ,IfcBeam,3072731,Schweißverbundträger:TRG_STA_SVT_1100 x 250:3072731,Metall - Baustahl S235,0.8567,7.5625,7850.0,6725.1,6.725,51.83,9.551,12.33
11Je14my97hBHYwYXU$RZL,IfcBeam,3072724,Schweißverbundträger:TRG_STA_SVT_1100 x 400:3072724,Metall - Baustahl S235,1.4562,12.1,7850.0,11431.2,11.431,78.13,9.551,12.33
11Je14my97hBHYwYXU$RZK,IfcBeam,3072725,Schweißverbundträger:TRG_STA_SVT_1100 x 400:3072725,Metall - Baustahl S235,1.4562,12.1,7850.0,11431.2,11.431,73.18,9.551,12.33
11Je14my97hBHYwYXU$RZP,IfcBeam,3072728,Schweißverbundträger:TRG_STA_SVT_1100 x 400:3072728,Metall - Baustahl S235,1.4562,12.1,7850.0,11431.2,11.431,62.395,9.551,12.33
11Je14my97hBHYwYXU$RZO,IfcBeam,3072729,Schweißverbundträger:TRG_STA_SVT_1100 x 400:3072729,Metall - Baustahl S235,1.4562,12.1,7850.0,11431.2,11.431,57.665,9.551,12.33
11Je14my97hBHYwYXU$RZT,IfcBeam,3072732,Schweißverbundträger:TRG_STA_SVT_1100 x 400:3072732,Metall - Baustahl S235,1.4562,12.1,7850.0,11431.2,11.431,46.88,9.551,12.33
11Je14my97hBHYwYXU$RZS,IfcBeam,3072733,Schweißverbundträger:TRG_STA_SVT_1100 x 400:3072733,Metall - Baustahl S235,1.4562,12.1,7850.0,11431.2,11.431,41.93,9.551,12.33
11Je14my97hBHYwYXU$RZB,IfcBeam,3072714,Schweißverbundträger:TRG_STA_SVT_1250 x 350:3072714,Metall - Baustahl S235,1.429,12.0334,7850.0,11217.4,11.217,68.23,9.554,3.725
11Je14my97hBHYwYXU$RZA,IfcBeam,3072715,Schweißverbundträger:TRG_STA_SVT_1250 x 350:3072715,Metall - Baustahl S235,1.429,12.0334,7850.0,11217.4,11.217,67.13,9.554,3.725
11Je14my97hBHYwYXU$RZE,IfcBeam,3072719,Schweißverbundträger:TRG_STA_SVT_1250 x 350:3072719,Metall - Baustahl S235,1.429,12.0334,7850.0,11217.4,11.217,52.93,9.554,3.725
11Je14my97hBHYwYXU$RZH,IfcBeam,3072720,Schweißverbundträger:TRG_STA_SVT_1250 x 350:3072720,Metall - Baustahl S235,1.429,12.0334,7850.0,11217.4,11.217,51.83,9.554,3.725
11Je14my97hBHYwYXU$RZ6,IfcBeam,3072711,Schweißverbundträger:TRG_STA_SVT_1250 x 500:3072711,Metall - Baustahl S235,1.759,17.1908,7850.0,13808.5,13.809,79.351,9.555,3.725
11Je14my97hBHYwYXU$RZ9,IfcBeam,3072712,Schweißverbundträger:TRG_STA_SVT_1250 x 500:3072712,Metall - Baustahl S235,1.759,17.1906,7850.0,13808.4,13.808,75.613,9.554,3.725
11Je14my97hBHYwYXU$RZ8,IfcBeam,3072713,Schweißverbundträger:TRG_STA_SVT_1250 x 500:3072713,Metall - Baustahl S235,1.759,17.1906,7850.0,13808.4,13.808,71.873,9.554,3.725
11Je14my97hBHYwYXU$RZD,IfcBeam,3072716,Schweißverbundträger:TRG_STA_SVT_1250 x 500:3072716,Metall - Baustahl S235,1.759,17.1906,7850.0,13808.4,13.808,63.543,9.554,3.725
11Je14my97hBHYwYXU$RZC,IfcBeam,3072717,Schweißverbundträger:TRG_STA_SVT_1250 x 500:3072717,Metall - Baustahl S235,1.759,17.1906,7850.0,13808.4,13.808,59.943,9.554,3.725
11Je14my97hBHYwYXU$RZF,IfcBeam,3072718,Schweißverbundträger:TRG_STA_SVT_1250 x 500:3072718,Metall - Baustahl S235,1.759,17.1906,7850.0,13808.4,13.808,56.343,9.554,3.725
11Je14my97hBHYwYXU$RZG,IfcBeam,3072721,Schweißverbundträger:TRG_STA_SVT_1250 x 500:3072721,Metall - Baustahl S235,1.759,17.1906,7850.0,13808.4,13.808,48.038,9.554,3.725
11Je14my97hBHYwYXU$RZJ,IfcBeam,3072722,Schweißverbundträger:TRG_STA_SVT_1250 x 500:3072722,Metall - Baustahl S235,1.759,17.1906,7850.0,13808.4,13.808,44.298,9.554,3.725
11Je14my97hBHYwYXU$RZI,IfcBeam,3072723,Schweißverbundträger:TRG_STA_SVT_1250 x 500:3072723,Metall - Baustahl S235,1.759,17.1906,7850.0,13808.4,13.808,40.558,9.554,3.725
1JrYh29o1ByOeU6X5ndsOF,IfcBuildingElementProxy,3140348,CPAC Concrete Truck 10 wheel:รถโม่ Cpac_(10 ล้อ):3140348,Fanalini rossi volvo,183.4421,112.3265,2400.0,440260.9,440.261,62.16,-8.351,-0.93
1JrYh29o1ByOeU6X5ndsV_,IfcBuildingElementProxy,3140365,CPAC Concrete Truck 10 wheel:รถโม่ Cpac_(10 ล้อ):3140365,Fanalini rossi volvo,181.9164,112.3265,2400.0,436599.3,436.599,62.453,-11.708,-0.93
1JrYh29o1ByOeU6X5ndsUz,IfcBuildingElementProxy,3140430,CPAC Concrete Truck 10 wheel:รถโม่ Cpac_(10 ล้อ):3140430,IfcMaterialList,232.2752,112.3265,2400.0,557460.6,557.461,80.357,-8.174,-2.48
1JrYh29o1ByOeU6X5nW3hj,IfcBuildingElementProxy,3192350,CPAC Concrete Truck 10 wheel:รถโม่ Cpac_(10 ล้อ):3192350,IfcMaterialList,286.0319,217.4397,2400.0,686476.6,686.477,115.269,-5.777,-2.48
1JrYh29o1ByOeU6X5nW3hG,IfcBuildingElementProxy,3192355,CPAC Concrete Truck 10 wheel:รถโม่ Cpac_(10 ล้อ):3192355,IfcMaterialList,350.1164,112.3265,2400.0,840279.5,840.279,132.408,0.947,-2.48
11Je14my97hBHYwYXU$RTD,IfcBuildingElementProxy,3075404,Doka_588188000_GMF:Doka_588188000_Framax tie-holder bracket_GMF:3075404,Doka_steel_blue,0.0002,0.0015,7850.0,1.3,0.001,22.414,14.138,-3.015
11Je14my97hBHYwYXU$RaH,IfcBuildingElementProxy,3072784,Plattenkante:RB_BPL_MB_VT_1050 x 45°:3072784,,12.7273,76.2737,2400.0,30545.6,30.546,60.025,20.741,-7.325
11Je14my97hBHYwYXU$Rd_,IfcBuildingElementProxy,3073023,Plattenkante:RB_BPL_MB_VT_550 x 45°:3073023,,0.6025,3.1597,2400.0,1446.1,1.446,86.516,-0.198,-8.115
11Je14my97hBHYwYXU$Rdf,IfcBuildingElementProxy,3073000,Plattenkante:RB_BPL_MB_VT_900 x 45°:3073000,,1.4967,4.5978,2400.0,3592.0,3.592,99.514,-4.559,-8.92
11Je14my97hBHYwYXU$Rdw,IfcBuildingElementProxy,3073019,Plattenkante:RB_BPL_MB_VT_900 x 45°:3073019,,0.4739,1.4179,2400.0,1137.5,1.137,82.445,-3.243,-7.345
11Je14my97hBHYwYXU$Rdz,IfcBuildingElementProxy,3073020,Plattenkante:RB_BPL_MB_VT_900 x 45°:3073020,,6.2221,24.8922,2400.0,14933.1,14.933,82.44,3.983,-7.34
1JrYh29o1ByOeU6X5ndqeN,IfcBuildingElementProxy,3131108,"RB WK 7534.16 - 75,0 m Ausladung:RB WK 7534.16 - 75,0 m Ausladung:3131108",IfcMaterialList,3510.6154,27298.2608,2400.0,8425477.0,8425.477,67.378,33.278,30.395
1JrYh29o1ByOeU6X5nW3ix,IfcBuildingElementProxy,3192776,Tadano_GR-700N-2:Tadano_GR-700N-2:3192776,IfcMaterialList,64.1045,7059.1134,2400.0,153850.7,153.851,40.511,42.296,9.5
11Je14my97hBHYwYXU$RhR,IfcColumn,3072218,STB Stütze - rechteckig1:RB_ST_OB_400 x 1550:3072218,Ortbeton - bewehrt,0.32,1.24,2400.0,768.0,0.768,52.405,23.501,10.38
11Je14my97hBHYwYXU$RhQ,IfcColumn,3072219,STB Stütze - rechteckig1:RB_ST_OB_400 x 1550:3072219,Ortbeton - bewehrt,0.32,1.24,2400.0,768.0,0.768,67.655,23.501,10.38
11Je14my97hBHYwYXU$RhZ,IfcColumn,3072226,STB Stütze - rechteckig1:RB_ST_OB_400 x 1550:3072226,Ortbeton - bewehrt,1.3648,5.2886,2400.0,3275.5,3.276,52.405,23.501,-1.735
11Je14my97hBHYwYXU$RhY,IfcColumn,3072227,STB Stütze - rechteckig1:RB_ST_OB_400 x 1550:3072227,Ortbeton - bewehrt,1.3648,5.2886,2400.0,3275.5,3.276,67.655,23.501,-1.735
11Je14my97hBHYwYXU$Ri5,IfcColumn,3072260,STB Stütze - rechteckig1:RB_ST_OB_400 x 1550:3072260,Ortbeton - bewehrt,0.4928,1.9096,2400.0,1182.7,1.183,52.405,23.501,6.09
11Je14my97hBHYwYXU$Ri4,IfcColumn,3072261,STB Stütze - rechteckig1:RB_ST_OB_400 x 1550:3072261,Ortbeton - bewehrt,0.4928,1.9096,2400.0,1182.7,1.183,67.655,23.501,6.09
11Je14my97hBHYwYXU$RhP,IfcColumn,3072216,STB Stütze - rechteckig1:RB_ST_OB_400 x 1600:3072216,Ortbeton - bewehrt,1.0928,4.3712,2400.0,2622.7,2.623,82.53,-4.399,7.965
11Je14my97hBHYwYXU$RhO,IfcColumn,3072217,STB Stütze - rechteckig1:RB_ST_OB_400 x 1600:3072217,Ortbeton - bewehrt,1.0928,4.3712,2400.0,2622.7,2.623,37.53,-4.399,7.965
11Je14my97hBHYwYXU$RhU,IfcColumn,3072223,STB Stütze - rechteckig1:RB_ST_OB_400 x 1600:3072223,Ortbeton - bewehrt,0.32,1.28,2400.0,768.0,0.768,82.53,23.501,10.38
11Je14my97hBHYwYXU$RhX,IfcColumn,3072224,STB Stütze - rechteckig1:RB_ST_OB_400 x 1600:3072224,Ortbeton - bewehrt,0.32,1.28,2400.0,768.0,0.768,37.53,23.501,10.38
11Je14my97hBHYwYXU$RhW,IfcColumn,3072225,STB Stütze - rechteckig1:RB_ST_OB_400 x 1600:3072225,Ortbeton - bewehrt,1.3648,5.4592,2400.0,3275.5,3.276,82.54,23.507,-1.735
11Je14my97hBHYwYXU$Rhb,IfcColumn,3072228,STB Stütze - rechteckig1:RB_ST_OB_400 x 1600:3072228,Ortbeton - bewehrt,1.3648,5.4592,2400.0,3275.5,3.276,37.53,23.508,-1.735
11Je14my97hBHYwYXU$Rha,IfcColumn,3072229,STB Stütze - rechteckig1:RB_ST_OB_400 x 1600:3072229,Ortbeton - bewehrt,0.608,2.432,2400.0,1459.2,1.459,82.53,-4.399,0.98
11Je14my97hBHYwYXU$Rhd,IfcColumn,3072230,STB Stütze - rechteckig1:RB_ST_OB_400 x 1600:3072230,Ortbeton - bewehrt,0.608,2.432,2400.0,1459.2,1.459,37.53,-4.399,0.98
11Je14my97hBHYwYXU$Ri7,IfcColumn,3072262,STB Stütze - rechteckig1:RB_ST_OB_400 x 1600:3072262,Ortbeton - bewehrt,0.4928,1.9712,2400.0,1182.7,1.183,82.53,23.501,6.09
11Je14my97hBHYwYXU$Ri6,IfcColumn,3072263,STB Stütze - rechteckig1:RB_ST_OB_400 x 1600:3072263,Ortbeton - bewehrt,0.4928,1.9712,2400.0,1182.7,1.183,37.53,23.501,6.09
11Je14my97hBHYwYXU$RhS,IfcColumn,3072221,STB Stütze - rechteckig1:RB_ST_OB_400 x 2350:3072221,Ortbeton - bewehrt,1.0928,6.4202,2400.0,2622.7,2.623,52.405,-4.399,7.965
11Je14my97hBHYwYXU$RhV,IfcColumn,3072222,STB Stütze - rechteckig1:RB_ST_OB_400 x 2350:3072222,Ortbeton - bewehrt,1.0928,6.4202,2400.0,2622.7,2.623,67.655,-4.399,7.965
11Je14my97hBHYwYXU$Rhc,IfcColumn,3072231,STB Stütze - rechteckig1:RB_ST_OB_400 x 2350:3072231,Ortbeton - bewehrt,0.608,3.572,2400.0,1459.2,1.459,52.405,-4.399,0.98
11Je14my97hBHYwYXU$Rhf,IfcColumn,3072232,STB Stütze - rechteckig1:RB_ST_OB_400 x 2350:3072232,Ortbeton - bewehrt,0.608,3.572,2400.0,1459.2,1.459,67.655,-4.399,0.98
11Je14my97hBHYwYXU$Rk_,IfcSlab,3072447,Geschossdecke:RB_BPL_OB_300_WU:3072447,IfcMaterialLayerSetUsage,0.5883,0.5883,2400.0,1411.8,1.412,99.514,-4.559,-9.09
11Je14my97hBHYwYXU$RgA,IfcSlab,3072139,Geschossdecke:RB_BPL_OB_400_WU:3072139,IfcMaterialLayerSetUsage,41.956,51.1339,2400.0,100694.3,100.694,94.188,-1.628,-8.14
11Je14my97hBHYwYXU$Rgb,IfcSlab,3072164,Geschossdecke:RB_BPL_OB_400_WU:3072164,IfcMaterialLayerSetUsage,23.0621,23.0621,2400.0,55349.1,55.349,85.066,3.983,-7.59
11Je14my97hBHYwYXU$RlE,IfcSlab,3072463,Geschossdecke:RB_BPL_OB_400_WU_Var:3072463,Ortbeton - bewehrt,6.8974,7.693,2400.0,16553.7,16.554,95.788,-3.794,-8.14
11Je14my97hBHYwYXU$RaJ,IfcSlab,3072786,Geschossdecke:RB_BPL_OB_550_WU:3072786,IfcMaterialLayerSetUsage,1.0452,1.0452,2400.0,2508.6,2.509,86.991,-0.423,-8.065
11Je14my97hBHYwYXU$Rgu,IfcSlab,3072185,Geschossdecke:RB_BPL_OB_800_WU:3072185,IfcMaterialLayerSetUsage,1089.1934,1090.2296,2400.0,2614064.1,2614.064,59.979,9.954,-6.4
11Je14my97hBHYwYXU$RcN,IfcSlab,3072918,Geschossdecke:RB_DMG_BPL_120:3072918,IfcMaterialLayerSetUsage,4.5163,4.5163,2400.0,10839.2,10.839,59.955,24.228,-5.94
11Je14my97hBHYwYXU$RdJ,IfcSlab,3072978,Geschossdecke:RB_DMG_BPL_120:3072978,IfcMaterialLayerSetUsage,0.9224,0.9224,2400.0,2213.8,2.214,36.594,9.494,-1.45
11Je14my97hBHYwYXU$RdO,IfcSlab,3072985,Geschossdecke:RB_DMG_BPL_120:3072985,IfcMaterialLayerSetUsage,0.074,0.074,2400.0,177.6,0.178,85.386,10.805,-6.03
11Je14my97hBHYwYXU$RbM,IfcSlab,3072855,Geschossdecke:RB_DMG_BPL_160:3072855,IfcMaterialLayerSetUsage,20.2452,21.8022,2400.0,48588.5,48.589,93.728,-1.628,-8.42
11Je14my97hBHYwYXU$RcT,IfcSlab,3072924,Geschossdecke:RB_DMG_BPL_200:3072924,IfcMaterialLayerSetUsage,19.1061,25.3399,2400.0,45854.7,45.855,91.857,-1.628,-3.91
11Je14my97hBHYwYXU$Rh9,IfcSlab,3072200,Geschossdecke:RB_GD_OB_200:3072200,IfcMaterialLayerSetUsage,263.8544,264.1549,2400.0,633250.7,633.251,60.06,9.554,4.45
11Je14my97hBHYwYXU$RiB,IfcSlab,3072266,Geschossdecke:RB_GD_OB_200:3072266,IfcMaterialLayerSetUsage,263.7559,263.7559,2400.0,633014.2,633.014,60.03,9.551,12.98
11Je14my97hBHYwYXU$RiG,IfcSlab,3072273,Geschossdecke:RB_GD_OB_220:3072273,IfcMaterialLayerSetUsage,9.6091,9.6091,2400.0,23061.9,23.062,85.14,5.276,8.07
11Je14my97hBHYwYXU$RiO,IfcSlab,3072281,Geschossdecke:RB_GD_OB_250:3072281,IfcMaterialLayerSetUsage,20.0214,3055.8872,2400.0,48051.5,48.051,50.082,-1.628,-2.13
11Je14my97hBHYwYXU$RiW,IfcSlab,3072289,Geschossdecke:RB_GD_OB_250:3072289,IfcMaterialLayerSetUsage,3.0769,3.0772,2400.0,7384.7,7.385,85.14,-1.298,-4.135
11Je14my97hBHYwYXU$RaZ,IfcSlab,3072802,Geschossdecke:RB_MB_uOB_1000:3072802,IfcMaterialLayerSetUsage,30.7923,125.2403,2400.0,73901.4,73.901,94.338,-1.634,-7.44
11Je14my97hBHYwYXU$RZl,IfcSlab,3072750,Geschossdecke:RB_MB_uOB_1050:3072750,IfcMaterialLayerSetUsage,28.569,28.569,2400.0,68565.6,68.566,67.676,22.387,-7.325
11Je14my97hBHYwYXU$RZq,IfcSlab,3072757,Geschossdecke:RB_MB_uOB_1050:3072757,IfcMaterialLayerSetUsage,28.5641,28.5641,2400.0,68553.9,68.554,52.373,22.387,-7.325
11Je14my97hBHYwYXU$Ru6,IfcSlab,3073031,Geschossdecke:RB_MB_uOB_390:3073031,IfcMaterialLayerSetUsage,10.6095,10.6095,2400.0,25462.9,25.463,52.373,22.387,-8.045
11Je14my97hBHYwYXU$RuF,IfcSlab,3073038,Geschossdecke:RB_MB_uOB_390:3073038,IfcMaterialLayerSetUsage,10.6095,10.6095,2400.0,25462.9,25.463,67.676,22.387,-8.045
11Je14my97hBHYwYXU$RaP,IfcSlab,3072792,Geschossdecke:RB_MB_uOB_550:3072792,IfcMaterialLayerSetUsage,1.3065,1.3065,2400.0,3135.7,3.136,86.541,-0.423,-8.065
11Je14my97hBHYwYXU$RaS,IfcSlab,3072797,Geschossdecke:RB_MB_uOB_990:3072797,IfcMaterialLayerSetUsage,6.7087,6.7087,2400.0,16101.0,16.101,82.69,3.978,-7.295
11Je14my97hBHYwYXU$Rgh,IfcSlab,3072170,Geschossdecke:RB_PDT_OB_250:3072170,Ortbeton - bewehrt,2.7365,2.7369,2400.0,6567.6,6.568,85.141,8.844,-6.095
11Je14my97hBHYwYXU$Rir,IfcSlab,3072308,Geschossdecke:RB_PDT_OB_250:3072308,IfcMaterialLayerSetUsage,2.9617,2.9617,2400.0,7108.0,7.108,85.141,8.96,-0.075
11Je14my97hBHYwYXU$Ris,IfcSlab,3072311,Geschossdecke:RB_PDT_OB_250:3072311,Ortbeton - bewehrt,2.9689,2.9706,2400.0,7125.4,7.125,85.135,8.96,4.425
11Je14my97hBHYwYXU$RkR,IfcSlab,3072410,Geschossdecke:RB_PDT_OB_250:3072410,IfcMaterialLayerSetUsage,1.3336,1.3336,2400.0,3200.6,3.201,85.13,2.038,2.09
11Je14my97hBHYwYXU$RkX,IfcSlab,3072416,Geschossdecke:RB_PDT_OB_250:3072416,IfcMaterialLayerSetUsage,1.2776,1.2776,2400.0,3066.3,3.066,85.135,0.91,-3.075
11Je14my97hBHYwYXU$Rak,IfcSlab,3072815,Geschossdecke:RB_SKS_uOB_100:3072815,Ortbeton - Sauberkeitsschicht,115.8592,120.6716,2400.0,278062.0,278.062,59.96,8.304,-6.85
11Je14my97hBHYwYXU$Rat,IfcSlab,3072822,Geschossdecke:RB_SKS_uOB_100:3072822,IfcMaterialLayerSetUsage,12.6533,13.6264,2400.0,30367.8,30.368,93.728,-1.628,-8.55
11Je14my97hBHYwYXU$Rb1,IfcSlab,3072832,Geschossdecke:RB_SKS_uOB_100:3072832,IfcMaterialLayerSetUsage,6.0161,6.4437,2400.0,14438.6,14.439,84.816,3.983,-7.84
11Je14my97hBHYwYXU$RbH,IfcSlab,3072848,Geschossdecke:RB_SKS_uOB_100:3072848,IfcMaterialLayerSetUsage,0.1961,0.1961,2400.0,470.6,0.471,99.514,-4.559,-9.29
11Je14my97hBHYwYfU$RXj,IfcStair,3072620,RB_TH6_EG01:RB_TH6_EG01:3072620,Betonfertigteil - ohne Dämmeigenschaften,3.2626,28.3388,2400.0,7830.3,7.83,84.044,4.472,-1.519
11Je14my97hBHYwYfU$RYP,IfcStair,3072664,RB_TH6_EG02:RB_TH6_EG02:3072664,Betonfertigteil - ohne Dämmeigenschaften,2.5424,16.9281,2400.0,6101.8,6.102,86.227,5.052,1.065
11Je14my97hBHYwYfU$RZ7,IfcStair,3072710,RB_TH6_OG01:RB_TH6_OG01:3072710,Betonfertigteil - ohne Dämmeigenschaften,2.5834,18.2249,2400.0,6200.1,6.2,84.048,5.052,3.315
11Je14my97hBHYwYfU$RW1,IfcStair,3072512,RB_TH6_UG01:RB_TH6_UG01:3072512,Betonfertigteil - ohne Dämmeigenschaften,1.2719,5.3602,2400.0,3052.4,3.052,84.05,6.219,-6.607
11Je14my97hBHYwYfU$RWt,IfcStair,3072566,RB_TH6_UG02:RB_TH6_UG02:3072566,Betonfertigteil - ohne Dämmeigenschaften,3.2276,28.0647,2400.0,7746.1,7.746,86.227,4.472,-4.529
11Je14my97hBHYwYXU$Rc6,IfcWall,3072903,Basiswand:RB_W_DMG_120:3072903,IfcMaterialLayerSet,0.3967,0.4004,2400.0,952.2,0.952,87.251,1.206,-3.221
11Je14my97hBHYwYXU$RcD,IfcWall,3072908,Basiswand:RB_W_DMG_120:3072908,IfcMaterialLayerSet,2.3651,4.1218,2400.0,5676.2,5.676,36.67,9.494,-1.016
11Je14my97hBHYwYXU$Rgl,IfcWall,3072174,Basiswand:RB_W_OB_250_WU:3072174,IfcMaterialLayerSet,10.165,11.5593,2400.0,24396.0,24.396,87.066,5.158,-5.17
11Je14my97hBHYwYXU$Rgn,IfcWall,3072176,Basiswand:RB_W_OB_250_WU:3072176,IfcMaterialLayerSet,0.2903,0.2905,2400.0,696.7,0.697,87.006,10.48,-4.52
11Je14my97hBHYwYXU$Rh5,IfcWall,3072196,Basiswand:RB_W_OB_400_WU:3072196,IfcMaterialLayerSet,2.0023,2.0024,2400.0,4805.5,4.806,85.266,10.565,-6.74
11Je14my97hBHYwYXU$Ri0,IfcWallStandardCase,3072257,Basiswand:RB_UZ_OB_250:3072257,IfcMaterialLayerSetUsage,10.3125,10.3125,2400.0,24749.9,24.75,36.855,9.551,12.13
11Je14my97hBHYwYXU$Ri0,IfcWallStandardCase,3072257,Basiswand:RB_UZ_OB_250:3072257,IfcMaterialLayerSetUsage,10.3125,10.3125,2400.0,24749.9,24.75,36.855,9.551,12.13
11Je14my97hBHYwYXU$RhD,IfcWallStandardCase,3072204,Basiswand:RB_UZ_OB_400:3072204,IfcMaterialLayerSetUsage,33.9324,33.9324,2400.0,81437.8,81.438,60.035,23.508,3.44
11Je14my97hBHYwYXU$RhD,IfcWallStandardCase,3072204,Basiswand:RB_UZ_OB_400:3072204,IfcMaterialLayerSetUsage,33.9324,33.9324,2400.0,81437.8,81.438,60.035,23.508,3.44
11Je14my97hBHYwYXU$RhT,IfcWallStandardCase,3072220,Basiswand:RB_UZ_OB_400:3072220,IfcMaterialLayerSetUsage,27.407,27.407,2400.0,65776.7,65.777,60.035,-4.399,3.615
11Je14my97hBHYwYXU$RhT,IfcWallStandardCase,3072220,Basiswand:RB_UZ_OB_400:3072220,IfcMaterialLayerSetUsage,27.407,27.407,2400.0,65776.7,65.777,60.035,-4.399,3.615
11Je14my97hBHYwYXU$Rhe,IfcWallStandardCase,3072233,Basiswand:RB_UZ_OB_400:3072233,IfcMaterialLayerSetUsage,27.96,27.96,2400.0,67104.1,67.104,60.03,23.501,12.13
11Je14my97hBHYwYXU$Rhe,IfcWallStandardCase,3072233,Basiswand:RB_UZ_OB_400:3072233,IfcMaterialLayerSetUsage,27.96,27.96,2400.0,67104.1,67.104,60.03,23.501,12.13
11Je14my97hBHYwYXU$Rhh,IfcWallStandardCase,3072234,Basiswand:RB_UZ_OB_400:3072234,IfcMaterialLayerSetUsage,27.96,27.96,2400.0,67104.1,67.104,60.03,-4.399,12.13
11Je14my97hBHYwYXU$Rhh,IfcWallStandardCase,3072234,Basiswand:RB_UZ_OB_400:3072234,IfcMaterialLayerSetUsage,27.96,27.96,2400.0,67104.1,67.104,60.03,-4.399,12.13
11Je14my97hBHYwYXU$Ri2,IfcWallStandardCase,3072259,Basiswand:RB_UZ_OB_400:3072259,IfcMaterialLayerSetUsage,32.6201,32.6201,2400.0,78288.1,78.288,60.03,23.501,8.505
11Je14my97hBHYwYXU$Ri2,IfcWallStandardCase,3072259,Basiswand:RB_UZ_OB_400:3072259,IfcMaterialLayerSetUsage,32.6201,32.6201,2400.0,78288.1,78.288,60.03,23.501,8.505
11Je14my97hBHYwYXU$RbX,IfcWallStandardCase,3072864,Basiswand:RB_W_DMG_120:3072864,IfcMaterialLayerSetUsage,4.3221,4.3502,2400.0,10373.0,10.373,87.251,6.439,-5.845
11Je14my97hBHYwYXU$RbX,IfcWallStandardCase,3072864,Basiswand:RB_W_DMG_120:3072864,IfcMaterialLayerSetUsage,4.3221,4.3502,2400.0,10373.0,10.373,87.251,6.439,-5.845
11Je14my97hBHYwYXU$Rba,IfcWallStandardCase,3072869,Basiswand:RB_W_DMG_120:3072869,IfcMaterialLayerSetUsage,27.8061,34.8469,2400.0,66734.6,66.735,59.93,-5.76,-3.807
11Je14my97hBHYwYXU$Rba,IfcWallStandardCase,3072869,Basiswand:RB_W_DMG_120:3072869,IfcMaterialLayerSetUsage,27.8061,34.8469,2400.0,66734.6,66.735,59.93,-5.76,-3.807
11Je14my97hBHYwYXU$Rbd,IfcWallStandardCase,3072870,Basiswand:RB_W_DMG_120:3072870,IfcMaterialLayerSetUsage,3.2302,3.3368,2400.0,7752.5,7.752,83.4,17.556,-5.8
11Je14my97hBHYwYXU$Rbd,IfcWallStandardCase,3072870,Basiswand:RB_W_DMG_120:3072870,IfcMaterialLayerSetUsage,3.2302,3.3368,2400.0,7752.5,7.752,83.4,17.556,-5.8
11Je14my97hBHYwYXU$Rbo,IfcWallStandardCase,3072883,Basiswand:RB_W_DMG_120:3072883,IfcMaterialLayerSetUsage,6.7509,6.7509,2400.0,16202.1,16.202,59.9,23.768,-5.4
11Je14my97hBHYwYXU$Rbo,IfcWallStandardCase,3072883,Basiswand:RB_W_DMG_120:3072883,IfcMaterialLayerSetUsage,6.7509,6.7509,2400.0,16202.1,16.202,59.9,23.768,-5.4
11Je14my97hBHYwYXU$Rbr,IfcWallStandardCase,3072884,Basiswand:RB_W_DMG_120:3072884,IfcMaterialLayerSetUsage,4.5016,4.5016,2400.0,10803.8,10.804,60.015,24.568,-6.4
11Je14my97hBHYwYXU$Rbr,IfcWallStandardCase,3072884,Basiswand:RB_W_DMG_120:3072884,IfcMaterialLayerSetUsage,4.5016,4.5016,2400.0,10803.8,10.804,60.015,24.568,-6.4
11Je14my97hBHYwYXU$Rbq,IfcWallStandardCase,3072885,Basiswand:RB_W_DMG_120:3072885,IfcMaterialLayerSetUsage,0.8713,0.8815,2400.0,2091.2,2.091,85.326,10.824,-7.015
11Je14my97hBHYwYXU$Rbq,IfcWallStandardCase,3072885,Basiswand:RB_W_DMG_120:3072885,IfcMaterialLayerSetUsage,0.8713,0.8815,2400.0,2091.2,2.091,85.326,10.824,-7.015
11Je14my97hBHYwYXU$Rc7,IfcWallStandardCase,3072902,Basiswand:RB_W_DMG_120:3072902,IfcMaterialLayerSetUsage,0.5962,0.5962,2400.0,1430.8,1.431,85.386,10.664,-5.445
11Je14my97hBHYwYXU$Rc7,IfcWallStandardCase,3072902,Basiswand:RB_W_DMG_120:3072902,IfcMaterialLayerSetUsage,0.5962,0.5962,2400.0,1430.8,1.431,85.386,10.664,-5.445
11Je14my97hBHYwYXU$Rc9,IfcWallStandardCase,3072904,Basiswand:RB_W_DMG_120:3072904,IfcMaterialLayerSetUsage,0.3613,0.3621,2400.0,867.1,0.867,83.45,-1.424,-3.263
11Je14my97hBHYwYXU$Rc9,IfcWallStandardCase,3072904,Basiswand:RB_W_DMG_120:3072904,IfcMaterialLayerSetUsage,0.3613,0.3621,2400.0,867.1,0.867,83.45,-1.424,-3.263
11Je14my97hBHYwYXU$Rc8,IfcWallStandardCase,3072905,Basiswand:RB_W_DMG_120:3072905,IfcMaterialLayerSetUsage,0.3056,0.3064,2400.0,733.5,0.733,85.71,-0.11,-3.38
11Je14my97hBHYwYXU$Rc8,IfcWallStandardCase,3072905,Basiswand:RB_W_DMG_120:3072905,IfcMaterialLayerSetUsage,0.3056,0.3064,2400.0,733.5,0.733,85.71,-0.11,-3.38
11Je14my97hBHYwYXU$RcB,IfcWallStandardCase,3072906,Basiswand:RB_W_DMG_120:3072906,IfcMaterialLayerSetUsage,0.0946,0.0947,2400.0,227.0,0.227,83.87,-0.109,-3.263
11Je14my97hBHYwYXU$RcB,IfcWallStandardCase,3072906,Basiswand:RB_W_DMG_120:3072906,IfcMaterialLayerSetUsage,0.0946,0.0947,2400.0,227.0,0.227,83.87,-0.109,-3.263
11Je14my97hBHYwYXU$RbW,IfcWallStandardCase,3072865,Basiswand:RB_W_DMG_160:3072865,IfcMaterialLayerSetUsage,8.258,8.258,2400.0,19819.2,19.819,93.758,2.033,-5.975
11Je14my97hBHYwYXU$RbW,IfcWallStandardCase,3072865,Basiswand:RB_W_DMG_160:3072865,IfcMaterialLayerSetUsage,8.258,8.258,2400.0,19819.2,19.819,93.758,2.033,-5.975
11Je14my97hBHYwYXU$RbZ,IfcWallStandardCase,3072866,Basiswand:RB_W_DMG_160:3072866,IfcMaterialLayerSetUsage,3.6156,3.6156,2400.0,8677.4,8.677,100.244,-0.922,-5.975
11Je14my97hBHYwYXU$RbZ,IfcWallStandardCase,3072866,Basiswand:RB_W_DMG_160:3072866,IfcMaterialLayerSetUsage,3.6156,3.6156,2400.0,8677.4,8.677,100.244,-0.922,-5.975
11Je14my97hBHYwYXU$RbY,IfcWallStandardCase,3072867,Basiswand:RB_W_DMG_160:3072867,IfcMaterialLayerSetUsage,2.1694,2.1694,2400.0,5206.5,5.206,90.937,-5.289,-5.975
11Je14my97hBHYwYXU$RbY,IfcWallStandardCase,3072867,Basiswand:RB_W_DMG_160:3072867,IfcMaterialLayerSetUsage,2.1694,2.1694,2400.0,5206.5,5.206,90.937,-5.289,-5.975
11Je14my97hBHYwYXU$Rbb,IfcWallStandardCase,3072868,Basiswand:RB_W_DMG_160:3072868,IfcMaterialLayerSetUsage,3.692,3.692,2400.0,8860.7,8.861,86.276,-2.88,-5.975
11Je14my97hBHYwYXU$Rbb,IfcWallStandardCase,3072868,Basiswand:RB_W_DMG_160:3072868,IfcMaterialLayerSetUsage,3.692,3.692,2400.0,8860.7,8.861,86.276,-2.88,-5.975
11Je14my97hBHYwYXU$Rd5,IfcWallStandardCase,3072964,Basiswand:RB_W_DMG_160:3072964,IfcMaterialLayerSetUsage,1.515,1.515,2400.0,3636.1,3.636,89.132,-4.164,-5.975
11Je14my97hBHYwYXU$Rd5,IfcWallStandardCase,3072964,Basiswand:RB_W_DMG_160:3072964,IfcMaterialLayerSetUsage,1.515,1.515,2400.0,3636.1,3.636,89.132,-4.164,-5.975
11Je14my97hBHYwYXU$Rgp,IfcWallStandardCase,3072178,Basiswand:RB_W_MW_KS_240:3072178,IfcMaterialLayerSetUsage,0.8461,0.8462,2400.0,2030.6,2.031,86.26,10.485,-4.52
11Je14my97hBHYwYXU$Rgp,IfcWallStandardCase,3072178,Basiswand:RB_W_MW_KS_240:3072178,IfcMaterialLayerSetUsage,0.8461,0.8462,2400.0,2030.6,2.031,86.26,10.485,-4.52
11Je14my97hBHYwYXU$Rgo,IfcWallStandardCase,3072179,Basiswand:RB_W_MW_KS_240:3072179,IfcMaterialLayerSetUsage,2.8279,2.8279,2400.0,6787.0,6.787,84.34,10.485,-3.145
11Je14my97hBHYwYXU$Rgo,IfcWallStandardCase,3072179,Basiswand:RB_W_MW_KS_240:3072179,IfcMaterialLayerSetUsage,2.8279,2.8279,2400.0,6787.0,6.787,84.34,10.485,-3.145
11Je14my97hBHYwYXU$Rih,IfcWallStandardCase,3072298,Basiswand:RB_W_MW_KS_240:3072298,IfcMaterialLayerSetUsage,0.9436,0.9436,2400.0,2264.8,2.265,85.261,10.245,-6.805
11Je14my97hBHYwYXU$Rih,IfcWallStandardCase,3072298,Basiswand:RB_W_MW_KS_240:3072298,IfcMaterialLayerSetUsage,0.9436,0.9436,2400.0,2264.8,2.265,85.261,10.245,-6.805
11Je14my97hBHYwYXU$Rig,IfcWallStandardCase,3072299,Basiswand:RB_W_MW_KS_240:3072299,IfcMaterialLayerSetUsage,0.7864,0.7864,2400.0,1887.2,1.887,86.821,8.724,-6.805
11Je14my97hBHYwYXU$Rig,IfcWallStandardCase,3072299,Basiswand:RB_W_MW_KS_240:3072299,IfcMaterialLayerSetUsage,0.7864,0.7864,2400.0,1887.2,1.887,86.821,8.724,-6.805
11Je14my97hBHYwYXU$Rij,IfcWallStandardCase,3072300,Basiswand:RB_W_MW_KS_240:3072300,IfcMaterialLayerSetUsage,0.8537,0.8537,2400.0,2049.0,2.049,83.46,8.844,-6.805
11Je14my97hBHYwYXU$Rij,IfcWallStandardCase,3072300,Basiswand:RB_W_MW_KS_240:3072300,IfcMaterialLayerSetUsage,0.8537,0.8537,2400.0,2049.0,2.049,83.46,8.844,-6.805
11Je14my97hBHYwYXU$Rj5,IfcWallStandardCase,3072324,Basiswand:RB_W_MW_KS_240:3072324,IfcMaterialLayerSetUsage,2.0511,2.0511,2400.0,4922.7,4.923,84.335,10.485,2.175
11Je14my97hBHYwYXU$Rj5,IfcWallStandardCase,3072324,Basiswand:RB_W_MW_KS_240:3072324,IfcMaterialLayerSetUsage,2.0511,2.0511,2400.0,4922.7,4.923,84.335,10.485,2.175
11Je14my97hBHYwYXU$Rj4,IfcWallStandardCase,3072325,Basiswand:RB_W_MW_KS_240:3072325,IfcMaterialLayerSetUsage,1.6457,1.6457,2400.0,3949.8,3.95,84.335,10.485,6.255
11Je14my97hBHYwYXU$Rj4,IfcWallStandardCase,3072325,Basiswand:RB_W_MW_KS_240:3072325,IfcMaterialLayerSetUsage,1.6457,1.6457,2400.0,3949.8,3.95,84.335,10.485,6.255
11Je14my97hBHYwYXU$Rkf,IfcWallStandardCase,3072424,Basiswand:RB_W_MW_KS_250:3072424,IfcMaterialLayerSetUsage,1.2155,1.2155,2400.0,2917.2,2.917,40.98,23.433,-4.085
11Je14my97hBHYwYXU$Rkf,IfcWallStandardCase,3072424,Basiswand:RB_W_MW_KS_250:3072424,IfcMaterialLayerSetUsage,1.2155,1.2155,2400.0,2917.2,2.917,40.98,23.433,-4.085
11Je14my97hBHYwYXU$Rkh,IfcWallStandardCase,3072426,Basiswand:RB_W_MW_KS_250:3072426,IfcMaterialLayerSetUsage,1.2155,1.2155,2400.0,2917.2,2.917,44.981,23.433,-4.085
11Je14my97hBHYwYXU$Rkh,IfcWallStandardCase,3072426,Basiswand:RB_W_MW_KS_250:3072426,IfcMaterialLayerSetUsage,1.2155,1.2155,2400.0,2917.2,2.917,44.981,23.433,-4.085
11Je14my97hBHYwYXU$Rkj,IfcWallStandardCase,3072428,Basiswand:RB_W_MW_KS_250:3072428,IfcMaterialLayerSetUsage,1.2155,1.2155,2400.0,2917.2,2.917,59.786,23.433,-4.085
11Je14my97hBHYwYXU$Rkj,IfcWallStandardCase,3072428,Basiswand:RB_W_MW_KS_250:3072428,IfcMaterialLayerSetUsage,1.2155,1.2155,2400.0,2917.2,2.917,59.786,23.433,-4.085
11Je14my97hBHYwYXU$Rkl,IfcWallStandardCase,3072430,Basiswand:RB_W_MW_KS_250:3072430,IfcMaterialLayerSetUsage,1.2155,1.2155,2400.0,2917.2,2.917,63.788,23.433,-4.085
11Je14my97hBHYwYXU$Rkl,IfcWallStandardCase,3072430,Basiswand:RB_W_MW_KS_250:3072430,IfcMaterialLayerSetUsage,1.2155,1.2155,2400.0,2917.2,2.917,63.788,23.433,-4.085
11Je14my97hBHYwYXU$Rkn,IfcWallStandardCase,3072432,Basiswand:RB_W_MW_KS_250:3072432,IfcMaterialLayerSetUsage,1.2155,1.2155,2400.0,2917.2,2.917,75.089,23.433,-4.085
11Je14my97hBHYwYXU$Rkn,IfcWallStandardCase,3072432,Basiswand:RB_W_MW_KS_250:3072432,IfcMaterialLayerSetUsage,1.2155,1.2155,2400.0,2917.2,2.917,75.089,23.433,-4.085
11Je14my97hBHYwYXU$Rkp,IfcWallStandardCase,3072434,Basiswand:RB_W_MW_KS_250:3072434,IfcMaterialLayerSetUsage,1.2155,1.2155,2400.0,2917.2,2.917,79.089,23.433,-4.085
11Je14my97hBHYwYXU$Rkp,IfcWallStandardCase,3072434,Basiswand:RB_W_MW_KS_250:3072434,IfcMaterialLayerSetUsage,1.2155,1.2155,2400.0,2917.2,2.917,79.089,23.433,-4.085
11Je14my97hBHYwYXU$Rkr,IfcWallStandardCase,3072436,Basiswand:RB_W_MW_KS_250:3072436,IfcMaterialLayerSetUsage,0.715,0.715,2400.0,1716.0,1.716,70.862,23.433,-4.085
11Je14my97hBHYwYXU$Rkr,IfcWallStandardCase,3072436,Basiswand:RB_W_MW_KS_250:3072436,IfcMaterialLayerSetUsage,0.715,0.715,2400.0,1716.0,1.716,70.862,23.433,-4.085
11Je14my97hBHYwYXU$Rkt,IfcWallStandardCase,3072438,Basiswand:RB_W_MW_KS_250:3072438,IfcMaterialLayerSetUsage,0.715,0.715,2400.0,1716.0,1.716,55.558,23.433,-4.085
11Je14my97hBHYwYXU$Rkt,IfcWallStandardCase,3072438,Basiswand:RB_W_MW_KS_250:3072438,IfcMaterialLayerSetUsage,0.715,0.715,2400.0,1716.0,1.716,55.558,23.433,-4.085
11Je14my97hBHYwYXU$Rkv,IfcWallStandardCase,3072440,Basiswand:RB_W_MW_KS_250:3072440,IfcMaterialLayerSetUsage,0.715,0.715,2400.0,1716.0,1.716,49.208,23.433,-4.085
11Je14my97hBHYwYXU$Rkv,IfcWallStandardCase,3072440,Basiswand:RB_W_MW_KS_250:3072440,IfcMaterialLayerSetUsage,0.715,0.715,2400.0,1716.0,1.716,49.208,23.433,-4.085
11Je14my97hBHYwYXU$Rug,IfcWallStandardCase,3073067,Basiswand:RB_W_MW_KS_250:3073067,IfcMaterialLayerSetUsage,0.2806,0.2806,2400.0,673.4,0.673,66.506,23.433,-4.27
11Je14my97hBHYwYXU$Rug,IfcWallStandardCase,3073067,Basiswand:RB_W_MW_KS_250:3073067,IfcMaterialLayerSetUsage,0.2806,0.2806,2400.0,673.4,0.673,66.506,23.433,-4.27
11Je14my97hBHYwYXU$Ruj,IfcWallStandardCase,3073068,Basiswand:RB_W_MW_KS_250:3073068,IfcMaterialLayerSetUsage,0.2831,0.2831,2400.0,679.5,0.679,68.807,23.433,-4.27
11Je14my97hBHYwYXU$Ruj,IfcWallStandardCase,3073068,Basiswand:RB_W_MW_KS_250:3073068,IfcMaterialLayerSetUsage,0.2831,0.2831,2400.0,679.5,0.679,68.807,23.433,-4.27
11Je14my97hBHYwYXU$Rui,IfcWallStandardCase,3073069,Basiswand:RB_W_MW_KS_250:3073069,IfcMaterialLayerSetUsage,0.2845,0.2845,2400.0,682.9,0.683,53.559,23.433,-4.27
11Je14my97hBHYwYXU$Rui,IfcWallStandardCase,3073069,Basiswand:RB_W_MW_KS_250:3073069,IfcMaterialLayerSetUsage,0.2845,0.2845,2400.0,682.9,0.683,53.559,23.433,-4.27
11Je14my97hBHYwYXU$Rul,IfcWallStandardCase,3073070,Basiswand:RB_W_MW_KS_250:3073070,IfcMaterialLayerSetUsage,0.2819,0.2819,2400.0,676.5,0.677,51.254,23.433,-4.27
11Je14my97hBHYwYXU$Rul,IfcWallStandardCase,3073070,Basiswand:RB_W_MW_KS_250:3073070,IfcMaterialLayerSetUsage,0.2819,0.2819,2400.0,676.5,0.677,51.254,23.433,-4.27
11Je14my97hBHYwYXU$RgR,IfcWallStandardCase,3072154,Basiswand:RB_W_OB_200:3072154,IfcMaterialLayerSetUsage,7.3393,9.1654,2400.0,17614.3,17.614,93.688,0.222,-6.1
11Je14my97hBHYwYXU$RgR,IfcWallStandardCase,3072154,Basiswand:RB_W_OB_200:3072154,IfcMaterialLayerSetUsage,7.3393,9.1654,2400.0,17614.3,17.614,93.688,0.222,-6.1
11Je14my97hBHYwYXU$RgT,IfcWallStandardCase,3072156,Basiswand:RB_W_OB_200:3072156,IfcMaterialLayerSetUsage,1.8773,1.8773,2400.0,4505.4,4.505,89.362,-1.153,-6.1
11Je14my97hBHYwYXU$RgT,IfcWallStandardCase,3072156,Basiswand:RB_W_OB_200:3072156,IfcMaterialLayerSetUsage,1.8773,1.8773,2400.0,4505.4,4.505,89.362,-1.153,-6.1
11Je14my97hBHYwYXU$RgS,IfcWallStandardCase,3072157,Basiswand:RB_W_OB_200:3072157,IfcMaterialLayerSetUsage,3.2833,3.7398,2400.0,7879.9,7.88,91.562,-2.418,-6.1
11Je14my97hBHYwYXU$RgS,IfcWallStandardCase,3072157,Basiswand:RB_W_OB_200:3072157,IfcMaterialLayerSetUsage,3.2833,3.7398,2400.0,7879.9,7.88,91.562,-2.418,-6.1
11Je14my97hBHYwYXU$RgV,IfcWallStandardCase,3072158,Basiswand:RB_W_OB_200:3072158,IfcMaterialLayerSetUsage,1.8768,1.8768,2400.0,4504.3,4.504,94.312,-1.153,-6.1
11Je14my97hBHYwYXU$RgV,IfcWallStandardCase,3072158,Basiswand:RB_W_OB_200:3072158,IfcMaterialLayerSetUsage,1.8768,1.8768,2400.0,4504.3,4.504,94.312,-1.153,-6.1
11Je14my97hBHYwYXU$RgU,IfcWallStandardCase,3072159,Basiswand:RB_W_OB_200:3072159,IfcMaterialLayerSetUsage,1.8773,1.8773,2400.0,4505.4,4.505,96.763,-1.153,-6.1
11Je14my97hBHYwYXU$RgU,IfcWallStandardCase,3072159,Basiswand:RB_W_OB_200:3072159,IfcMaterialLayerSetUsage,1.8773,1.8773,2400.0,4505.4,4.505,96.763,-1.153,-6.1
11Je14my97hBHYwYXU$RgX,IfcWallStandardCase,3072160,Basiswand:RB_W_OB_200:3072160,IfcMaterialLayerSetUsage,1.7888,2.2453,2400.0,4293.2,4.293,98.389,-2.528,-6.1
11Je14my97hBHYwYXU$RgX,IfcWallStandardCase,3072160,Basiswand:RB_W_OB_200:3072160,IfcMaterialLayerSetUsage,1.7888,2.2453,2400.0,4293.2,4.293,98.389,-2.528,-6.1
11Je14my97hBHYwYXU$RgW,IfcWallStandardCase,3072161,Basiswand:RB_W_OB_200:3072161,IfcMaterialLayerSetUsage,3.2624,5.4477,2400.0,7829.8,7.83,93.162,-2.528,-6.1
11Je14my97hBHYwYXU$RgW,IfcWallStandardCase,3072161,Basiswand:RB_W_OB_200:3072161,IfcMaterialLayerSetUsage,3.2624,5.4477,2400.0,7829.8,7.83,93.162,-2.528,-6.1
11Je14my97hBHYwYXU$Rgr,IfcWallStandardCase,3072180,Basiswand:RB_W_OB_250:3072180,IfcMaterialLayerSetUsage,6.5409,7.7409,2400.0,15698.2,15.698,83.205,5.279,-4.475
11Je14my97hBHYwYXU$Rgr,IfcWallStandardCase,3072180,Basiswand:RB_W_OB_250:3072180,IfcMaterialLayerSetUsage,6.5409,7.7409,2400.0,15698.2,15.698,83.205,5.279,-4.475
11Je14my97hBHYwYXU$RhC,IfcWallStandardCase,3072205,Basiswand:RB_W_OB_250:3072205,IfcMaterialLayerSetUsage,17.6164,17.6164,2400.0,42279.4,42.279,36.855,9.551,-0.229
11Je14my97hBHYwYXU$RhC,IfcWallStandardCase,3072205,Basiswand:RB_W_OB_250:3072205,IfcMaterialLayerSetUsage,17.6164,17.6164,2400.0,42279.4,42.279,36.855,9.551,-0.229
11Je14my97hBHYwYXU$Rhg,IfcWallStandardCase,3072235,Basiswand:RB_W_OB_250:3072235,IfcMaterialLayerSetUsage,9.933,9.933,2400.0,23839.2,23.839,44.78,-4.474,6.09
11Je14my97hBHYwYXU$Rhg,IfcWallStandardCase,3072235,Basiswand:RB_W_OB_250:3072235,IfcMaterialLayerSetUsage,9.933,9.933,2400.0,23839.2,23.839,44.78,-4.474,6.09
11Je14my97hBHYwYXU$Rhj,IfcWallStandardCase,3072236,Basiswand:RB_W_OB_250:3072236,IfcMaterialLayerSetUsage,9.933,9.933,2400.0,23839.3,23.839,60.03,-4.474,6.09
11Je14my97hBHYwYXU$Rhj,IfcWallStandardCase,3072236,Basiswand:RB_W_OB_250:3072236,IfcMaterialLayerSetUsage,9.933,9.933,2400.0,23839.3,23.839,60.03,-4.474,6.09
11Je14my97hBHYwYXU$Rhi,IfcWallStandardCase,3072237,Basiswand:RB_W_OB_250:3072237,IfcMaterialLayerSetUsage,9.933,9.933,2400.0,23839.2,23.839,75.28,-4.474,6.09
11Je14my97hBHYwYXU$Rhi,IfcWallStandardCase,3072237,Basiswand:RB_W_OB_250:3072237,IfcMaterialLayerSetUsage,9.933,9.933,2400.0,23839.2,23.839,75.28,-4.474,6.09
11Je14my97hBHYwYXU$Rhl,IfcWallStandardCase,3072238,Basiswand:RB_W_OB_250:3072238,IfcMaterialLayerSetUsage,4.455,10.241,2400.0,10692.0,10.692,44.98,23.426,6.09
11Je14my97hBHYwYXU$Rhl,IfcWallStandardCase,3072238,Basiswand:RB_W_OB_250:3072238,IfcMaterialLayerSetUsage,4.455,10.241,2400.0,10692.0,10.692,44.98,23.426,6.09
11Je14my97hBHYwYXU$Rhk,IfcWallStandardCase,3072239,Basiswand:RB_W_OB_250:3072239,IfcMaterialLayerSetUsage,4.763,10.549,2400.0,11431.2,11.431,60.03,23.426,6.09
11Je14my97hBHYwYXU$Rhk,IfcWallStandardCase,3072239,Basiswand:RB_W_OB_250:3072239,IfcMaterialLayerSetUsage,4.763,10.549,2400.0,11431.2,11.431,60.03,23.426,6.09
11Je14my97hBHYwYXU$Rhn,IfcWallStandardCase,3072240,Basiswand:RB_W_OB_250:3072240,IfcMaterialLayerSetUsage,4.455,10.241,2400.0,10692.1,10.692,75.08,23.426,6.09
11Je14my97hBHYwYXU$Rhn,IfcWallStandardCase,3072240,Basiswand:RB_W_OB_250:3072240,IfcMaterialLayerSetUsage,4.455,10.241,2400.0,10692.1,10.692,75.08,23.426,6.09
11Je14my97hBHYwYXU$Rhm,IfcWallStandardCase,3072241,Basiswand:RB_W_OB_250:3072241,IfcMaterialLayerSetUsage,10.8238,10.8238,2400.0,25977.2,25.977,83.205,16.953,6.255
11Je14my97hBHYwYXU$Rhm,IfcWallStandardCase,3072241,Basiswand:RB_W_OB_250:3072241,IfcMaterialLayerSetUsage,10.8238,10.8238,2400.0,25977.2,25.977,83.205,16.953,6.255
11Je14my97hBHYwYXU$Rho,IfcWallStandardCase,3072243,Basiswand:RB_W_OB_250:3072243,IfcMaterialLayerSetUsage,2.9163,2.9163,2400.0,6999.1,6.999,83.215,-3.499,8.715
11Je14my97hBHYwYXU$Rho,IfcWallStandardCase,3072243,Basiswand:RB_W_OB_250:3072243,IfcMaterialLayerSetUsage,2.9163,2.9163,2400.0,6999.1,6.999,83.215,-3.499,8.715
11Je14my97hBHYwYXU$Rhr,IfcWallStandardCase,3072244,Basiswand:RB_W_OB_250:3072244,IfcMaterialLayerSetUsage,7.882,9.082,2400.0,18916.8,18.917,83.205,5.278,6.255
11Je14my97hBHYwYXU$Rhr,IfcWallStandardCase,3072244,Basiswand:RB_W_OB_250:3072244,IfcMaterialLayerSetUsage,7.882,9.082,2400.0,18916.8,18.917,83.205,5.278,6.255
11Je14my97hBHYwYXU$Rh$,IfcWallStandardCase,3072254,Basiswand:RB_W_OB_250:3072254,IfcMaterialLayerSetUsage,19.955,21.175,2400.0,47891.9,47.892,36.855,9.551,6.09
11Je14my97hBHYwYXU$Rh$,IfcWallStandardCase,3072254,Basiswand:RB_W_OB_250:3072254,IfcMaterialLayerSetUsage,19.955,21.175,2400.0,47891.9,47.892,36.855,9.551,6.09
11Je14my97hBHYwYXU$Rh_,IfcWallStandardCase,3072255,Basiswand:RB_W_OB_250:3072255,IfcMaterialLayerSetUsage,5.625,5.625,2400.0,13500.0,13.5,36.855,20.301,9.505
11Je14my97hBHYwYXU$Rh_,IfcWallStandardCase,3072255,Basiswand:RB_W_OB_250:3072255,IfcMaterialLayerSetUsage,5.625,5.625,2400.0,13500.0,13.5,36.855,20.301,9.505
11Je14my97hBHYwYXU$Ri1,IfcWallStandardCase,3072256,Basiswand:RB_W_OB_250:3072256,IfcMaterialLayerSetUsage,1.5938,1.5937,2400.0,3825.0,3.825,36.855,-3.349,9.505
11Je14my97hBHYwYXU$Ri1,IfcWallStandardCase,3072256,Basiswand:RB_W_OB_250:3072256,IfcMaterialLayerSetUsage,1.5938,1.5937,2400.0,3825.0,3.825,36.855,-3.349,9.505
11Je14my97hBHYwYXU$RiN,IfcWallStandardCase,3072278,Basiswand:RB_W_OB_250:3072278,IfcMaterialLayerSetUsage,12.5177,12.5177,2400.0,30042.6,30.043,83.205,5.278,10.53
11Je14my97hBHYwYXU$RiN,IfcWallStandardCase,3072278,Basiswand:RB_W_OB_250:3072278,IfcMaterialLayerSetUsage,12.5177,12.5177,2400.0,30042.6,30.043,83.205,5.278,10.53
11Je14my97hBHYwYXU$Ric,IfcWallStandardCase,3072295,Basiswand:RB_W_OB_250:3072295,IfcMaterialLayerSetUsage,2.1627,2.7828,2400.0,5190.6,5.191,85.165,0.077,-5.825
11Je14my97hBHYwYXU$Ric,IfcWallStandardCase,3072295,Basiswand:RB_W_OB_250:3072295,IfcMaterialLayerSetUsage,2.1627,2.7828,2400.0,5190.6,5.191,85.165,0.077,-5.825
11Je14my97hBHYwYXU$Rii,IfcWallStandardCase,3072301,Basiswand:RB_W_OB_250:3072301,IfcMaterialLayerSetUsage,7.9891,7.9891,2400.0,19173.8,19.174,87.066,5.279,-1.45
11Je14my97hBHYwYXU$Rii,IfcWallStandardCase,3072301,Basiswand:RB_W_OB_250:3072301,IfcMaterialLayerSetUsage,7.9891,7.9891,2400.0,19173.8,19.174,87.066,5.279,-1.45
11Je14my97hBHYwYXU$Ril,IfcWallStandardCase,3072302,Basiswand:RB_W_OB_250:3072302,IfcMaterialLayerSetUsage,1.1002,1.1002,2400.0,2640.6,2.641,86.141,10.48,-1.575
11Je14my97hBHYwYXU$Ril,IfcWallStandardCase,3072302,Basiswand:RB_W_OB_250:3072302,IfcMaterialLayerSetUsage,1.1002,1.1002,2400.0,2640.6,2.641,86.141,10.48,-1.575
11Je14my97hBHYwYXU$Rik,IfcWallStandardCase,3072303,Basiswand:RB_W_OB_250:3072303,IfcMaterialLayerSetUsage,11.9836,11.9836,2400.0,28760.6,28.761,87.066,5.279,2.3
11Je14my97hBHYwYXU$Rik,IfcWallStandardCase,3072303,Basiswand:RB_W_OB_250:3072303,IfcMaterialLayerSetUsage,11.9836,11.9836,2400.0,28760.6,28.761,87.066,5.279,2.3
11Je14my97hBHYwYXU$Rin,IfcWallStandardCase,3072304,Basiswand:RB_W_OB_250:3072304,IfcMaterialLayerSetUsage,1.7004,1.7004,2400.0,4080.9,4.081,86.141,10.48,2.175
11Je14my97hBHYwYXU$Rin,IfcWallStandardCase,3072304,Basiswand:RB_W_OB_250:3072304,IfcMaterialLayerSetUsage,1.7004,1.7004,2400.0,4080.9,4.081,86.141,10.48,2.175
11Je14my97hBHYwYXU$Rim,IfcWallStandardCase,3072305,Basiswand:RB_W_OB_250:3072305,IfcMaterialLayerSetUsage,9.0809,9.0809,2400.0,21794.2,21.794,87.066,5.279,6.255
11Je14my97hBHYwYXU$Rim,IfcWallStandardCase,3072305,Basiswand:RB_W_OB_250:3072305,IfcMaterialLayerSetUsage,9.0809,9.0809,2400.0,21794.2,21.794,87.066,5.279,6.255
11Je14my97hBHYwYXU$Rip,IfcWallStandardCase,3072306,Basiswand:RB_W_OB_250:3072306,IfcMaterialLayerSetUsage,1.3643,1.3643,2400.0,3274.3,3.274,86.141,10.48,6.255
11Je14my97hBHYwYXU$Rip,IfcWallStandardCase,3072306,Basiswand:RB_W_OB_250:3072306,IfcMaterialLayerSetUsage,1.3643,1.3643,2400.0,3274.3,3.274,86.141,10.48,6.255
11Je14my97hBHYwYXU$RkL,IfcWallStandardCase,3072404,Basiswand:RB_W_OB_250:3072404,IfcMaterialLayerSetUsage,1.02,1.02,2400.0,2448.0,2.448,40.98,23.433,-5.4
11Je14my97hBHYwYXU$RkL,IfcWallStandardCase,3072404,Basiswand:RB_W_OB_250:3072404,IfcMaterialLayerSetUsage,1.02,1.02,2400.0,2448.0,2.448,40.98,23.433,-5.4
11Je14my97hBHYwYXU$Rkd,IfcWallStandardCase,3072422,Basiswand:RB_W_OB_250:3072422,IfcMaterialLayerSetUsage,0.7672,0.7672,2400.0,1841.4,1.841,83.78,0.076,6.255
11Je14my97hBHYwYXU$Rkd,IfcWallStandardCase,3072422,Basiswand:RB_W_OB_250:3072422,IfcMaterialLayerSetUsage,0.7672,0.7672,2400.0,1841.4,1.841,83.78,0.076,6.255
11Je14my97hBHYwYXU$Rkc,IfcWallStandardCase,3072423,Basiswand:RB_W_OB_250:3072423,IfcMaterialLayerSetUsage,0.9449,0.9449,2400.0,2267.7,2.268,83.81,0.076,2.3
11Je14my97hBHYwYXU$Rkc,IfcWallStandardCase,3072423,Basiswand:RB_W_OB_250:3072423,IfcMaterialLayerSetUsage,0.9449,0.9449,2400.0,2267.7,2.268,83.81,0.076,2.3
11Je14my97hBHYwYXU$Rke,IfcWallStandardCase,3072425,Basiswand:RB_W_OB_250:3072425,IfcMaterialLayerSetUsage,1.02,1.02,2400.0,2448.0,2.448,44.981,23.433,-5.4
11Je14my97hBHYwYXU$Rke,IfcWallStandardCase,3072425,Basiswand:RB_W_OB_250:3072425,IfcMaterialLayerSetUsage,1.02,1.02,2400.0,2448.0,2.448,44.981,23.433,-5.4
11Je14my97hBHYwYXU$Rkg,IfcWallStandardCase,3072427,Basiswand:RB_W_OB_250:3072427,IfcMaterialLayerSetUsage,1.02,1.02,2400.0,2448.0,2.448,59.786,23.433,-5.4
11Je14my97hBHYwYXU$Rkg,IfcWallStandardCase,3072427,Basiswand:RB_W_OB_250:3072427,IfcMaterialLayerSetUsage,1.02,1.02,2400.0,2448.0,2.448,59.786,23.433,-5.4
11Je14my97hBHYwYXU$Rki,IfcWallStandardCase,3072429,Basiswand:RB_W_OB_250:3072429,IfcMaterialLayerSetUsage,1.02,1.02,2400.0,2448.0,2.448,63.788,23.433,-5.4
11Je14my97hBHYwYXU$Rki,IfcWallStandardCase,3072429,Basiswand:RB_W_OB_250:3072429,IfcMaterialLayerSetUsage,1.02,1.02,2400.0,2448.0,2.448,63.788,23.433,-5.4
11Je14my97hBHYwYXU$Rkk,IfcWallStandardCase,3072431,Basiswand:RB_W_OB_250:3072431,IfcMaterialLayerSetUsage,1.02,1.02,2400.0,2448.0,2.448,75.089,23.433,-5.4
11Je14my97hBHYwYXU$Rkk,IfcWallStandardCase,3072431,Basiswand:RB_W_OB_250:3072431,IfcMaterialLayerSetUsage,1.02,1.02,2400.0,2448.0,2.448,75.089,23.433,-5.4
11Je14my97hBHYwYXU$Rkm,IfcWallStandardCase,3072433,Basiswand:RB_W_OB_250:3072433,IfcMaterialLayerSetUsage,1.02,1.02,2400.0,2448.0,2.448,79.089,23.433,-5.4
11Je14my97hBHYwYXU$Rkm,IfcWallStandardCase,3072433,Basiswand:RB_W_OB_250:3072433,IfcMaterialLayerSetUsage,1.02,1.02,2400.0,2448.0,2.448,79.089,23.433,-5.4
11Je14my97hBHYwYXU$Rko,IfcWallStandardCase,3072435,Basiswand:RB_W_OB_250:3072435,IfcMaterialLayerSetUsage,0.6,0.6,2400.0,1440.0,1.44,70.862,23.433,-5.4
11Je14my97hBHYwYXU$Rko,IfcWallStandardCase,3072435,Basiswand:RB_W_OB_250:3072435,IfcMaterialLayerSetUsage,0.6,0.6,2400.0,1440.0,1.44,70.862,23.433,-5.4
11Je14my97hBHYwYXU$Rkq,IfcWallStandardCase,3072437,Basiswand:RB_W_OB_250:3072437,IfcMaterialLayerSetUsage,0.6,0.6,2400.0,1440.0,1.44,55.558,23.433,-5.4
11Je14my97hBHYwYXU$Rkq,IfcWallStandardCase,3072437,Basiswand:RB_W_OB_250:3072437,IfcMaterialLayerSetUsage,0.6,0.6,2400.0,1440.0,1.44,55.558,23.433,-5.4
11Je14my97hBHYwYXU$Rks,IfcWallStandardCase,3072439,Basiswand:RB_W_OB_250:3072439,IfcMaterialLayerSetUsage,0.6,0.6,2400.0,1440.0,1.44,49.208,23.433,-5.4
11Je14my97hBHYwYXU$Rks,IfcWallStandardCase,3072439,Basiswand:RB_W_OB_250:3072439,IfcMaterialLayerSetUsage,0.6,0.6,2400.0,1440.0,1.44,49.208,23.433,-5.4
11Je14my97hBHYwYXU$RZX,IfcWallStandardCase,3072736,Basiswand:RB_W_OB_250:3072736,IfcMaterialLayerSetUsage,7.2396,7.2396,2400.0,17375.1,17.375,83.215,5.528,-1.45
11Je14my97hBHYwYXU$RZX,IfcWallStandardCase,3072736,Basiswand:RB_W_OB_250:3072736,IfcMaterialLayerSetUsage,7.2396,7.2396,2400.0,17375.1,17.375,83.215,5.528,-1.45
11Je14my97hBHYwYXU$RZW,IfcWallStandardCase,3072737,Basiswand:RB_W_OB_250:3072737,IfcMaterialLayerSetUsage,10.8562,10.9041,2400.0,26054.9,26.055,83.215,5.303,2.2
11Je14my97hBHYwYXU$RZW,IfcWallStandardCase,3072737,Basiswand:RB_W_OB_250:3072737,IfcMaterialLayerSetUsage,10.8562,10.9041,2400.0,26054.9,26.055,83.215,5.303,2.2
11Je14my97hBHYwYXU$RuI,IfcWallStandardCase,3073043,Basiswand:RB_W_OB_250:3073043,IfcMaterialLayerSetUsage,1.0503,1.0509,2400.0,2520.7,2.521,83.215,-3.499,-1.45
11Je14my97hBHYwYXU$RuI,IfcWallStandardCase,3073043,Basiswand:RB_W_OB_250:3073043,IfcMaterialLayerSetUsage,1.0503,1.0509,2400.0,2520.7,2.521,83.215,-3.499,-1.45
11Je14my97hBHYwYXU$RuL,IfcWallStandardCase,3073044,Basiswand:RB_W_OB_250:3073044,IfcMaterialLayerSetUsage,1.5054,1.5063,2400.0,3613.0,3.613,83.215,-3.499,2.2
11Je14my97hBHYwYXU$RuL,IfcWallStandardCase,3073044,Basiswand:RB_W_OB_250:3073044,IfcMaterialLayerSetUsage,1.5054,1.5063,2400.0,3613.0,3.613,83.215,-3.499,2.2
11Je14my97hBHYwYXU$RuK,IfcWallStandardCase,3073045,Basiswand:RB_W_OB_250:3073045,IfcMaterialLayerSetUsage,15.6168,15.6168,2400.0,37480.3,37.48,83.205,16.953,10.42
11Je14my97hBHYwYXU$RuK,IfcWallStandardCase,3073045,Basiswand:RB_W_OB_250:3073045,IfcMaterialLayerSetUsage,15.6168,15.6168,2400.0,37480.3,37.48,83.205,16.953,10.42
11Je14my97hBHYwYXU$RuN,IfcWallStandardCase,3073046,Basiswand:RB_W_OB_250:3073046,IfcMaterialLayerSetUsage,22.671,22.671,2400.0,54410.4,54.41,36.855,9.551,2.701
11Je14my97hBHYwYXU$RuN,IfcWallStandardCase,3073046,Basiswand:RB_W_OB_250:3073046,IfcMaterialLayerSetUsage,22.671,22.671,2400.0,54410.4,54.41,36.855,9.551,2.701
11Je14my97hBHYwYXU$RuP,IfcWallStandardCase,3073048,Basiswand:RB_W_OB_250:3073048,IfcMaterialLayerSetUsage,0.6299,0.6299,2400.0,1511.8,1.512,83.81,0.076,-1.45
11Je14my97hBHYwYXU$RuP,IfcWallStandardCase,3073048,Basiswand:RB_W_OB_250:3073048,IfcMaterialLayerSetUsage,0.6299,0.6299,2400.0,1511.8,1.512,83.81,0.076,-1.45
11Je14my97hBHYwYXU$RgL,IfcWallStandardCase,3072148,Basiswand:RB_W_OB_250_WU:3072148,IfcMaterialLayerSetUsage,11.9167,11.9167,2400.0,28600.1,28.6,93.688,1.828,-6.1
11Je14my97hBHYwYXU$RgL,IfcWallStandardCase,3072148,Basiswand:RB_W_OB_250_WU:3072148,IfcMaterialLayerSetUsage,11.9167,11.9167,2400.0,28600.1,28.6,93.688,1.828,-6.1
11Je14my97hBHYwYXU$RgK,IfcWallStandardCase,3072149,Basiswand:RB_W_OB_250_WU:3072149,IfcMaterialLayerSetUsage,6.3588,6.3592,2400.0,15261.0,15.261,100.039,-1.753,-6.1
11Je14my97hBHYwYXU$RgK,IfcWallStandardCase,3072149,Basiswand:RB_W_OB_250_WU:3072149,IfcMaterialLayerSetUsage,6.3588,6.3592,2400.0,15261.0,15.261,100.039,-1.753,-6.1
11Je14my97hBHYwYXU$RgN,IfcWallStandardCase,3072150,Basiswand:RB_W_OB_250_WU:3072150,IfcMaterialLayerSetUsage,9.8462,9.848,2400.0,23631.0,23.631,94.563,-5.084,-6.1
11Je14my97hBHYwYXU$RgN,IfcWallStandardCase,3072150,Basiswand:RB_W_OB_250_WU:3072150,IfcMaterialLayerSetUsage,9.8462,9.848,2400.0,23631.0,23.631,94.563,-5.084,-6.1
11Je14my97hBHYwYXU$RgM,IfcWallStandardCase,3072151,Basiswand:RB_W_OB_250_WU:3072151,IfcMaterialLayerSetUsage,2.2177,2.2177,2400.0,5322.5,5.323,89.337,-3.754,-6.1
11Je14my97hBHYwYXU$RgM,IfcWallStandardCase,3072151,Basiswand:RB_W_OB_250_WU:3072151,IfcMaterialLayerSetUsage,2.2177,2.2177,2400.0,5322.5,5.323,89.337,-3.754,-6.1
11Je14my97hBHYwYXU$RgP,IfcWallStandardCase,3072152,Basiswand:RB_W_OB_250_WU:3072152,IfcMaterialLayerSetUsage,1.8404,1.8404,2400.0,4417.1,4.417,88.211,-2.673,-6.1
11Je14my97hBHYwYXU$RgP,IfcWallStandardCase,3072152,Basiswand:RB_W_OB_250_WU:3072152,IfcMaterialLayerSetUsage,1.8404,1.8404,2400.0,4417.1,4.417,88.211,-2.673,-6.1
11Je14my97hBHYwYXU$RgO,IfcWallStandardCase,3072153,Basiswand:RB_W_OB_250_WU:3072153,IfcMaterialLayerSetUsage,3.2671,3.911,2400.0,7841.1,7.841,87.336,-0.423,-6.1
11Je14my97hBHYwYXU$RgO,IfcWallStandardCase,3072153,Basiswand:RB_W_OB_250_WU:3072153,IfcMaterialLayerSetUsage,3.2671,3.911,2400.0,7841.1,7.841,87.336,-0.423,-6.1
11Je14my97hBHYwYXU$Rgm,IfcWallStandardCase,3072177,Basiswand:RB_W_OB_250_WU:3072177,IfcMaterialLayerSetUsage,0.2807,0.2807,2400.0,673.7,0.674,85.519,10.48,-4.52
11Je14my97hBHYwYXU$Rgm,IfcWallStandardCase,3072177,Basiswand:RB_W_OB_250_WU:3072177,IfcMaterialLayerSetUsage,0.2807,0.2807,2400.0,673.7,0.674,85.519,10.48,-4.52
11Je14my97hBHYwYXU$Rgq,IfcWallStandardCase,3072181,Basiswand:RB_W_OB_250_WU:3072181,IfcMaterialLayerSetUsage,2.7103,3.3264,2400.0,6504.7,6.505,87.066,-0.423,-5.825
11Je14my97hBHYwYXU$Rgq,IfcWallStandardCase,3072181,Basiswand:RB_W_OB_250_WU:3072181,IfcMaterialLayerSetUsage,2.7103,3.3264,2400.0,6504.7,6.505,87.066,-0.423,-5.825
11Je14my97hBHYwYXU$Rgt,IfcWallStandardCase,3072182,Basiswand:RB_W_OB_250_WU:3072182,IfcMaterialLayerSetUsage,2.9747,2.9747,2400.0,7139.2,7.139,85.29,-2.673,-5.825
11Je14my97hBHYwYXU$Rgt,IfcWallStandardCase,3072182,Basiswand:RB_W_OB_250_WU:3072182,IfcMaterialLayerSetUsage,2.9747,2.9747,2400.0,7139.2,7.139,85.29,-2.673,-5.825
11Je14my97hBHYwYXU$Rg$,IfcWallStandardCase,3072190,Basiswand:RB_W_OB_250_WU:3072190,IfcMaterialLayerSetUsage,33.3524,33.3524,2400.0,80045.7,80.046,83.205,16.831,-0.85
11Je14my97hBHYwYXU$Rg$,IfcWallStandardCase,3072190,Basiswand:RB_W_OB_250_WU:3072190,IfcMaterialLayerSetUsage,33.3524,33.3524,2400.0,80045.7,80.046,83.205,16.831,-0.85
11Je14my97hBHYwYXU$Rg_,IfcWallStandardCase,3072191,Basiswand:RB_W_OB_250_WU:3072191,IfcMaterialLayerSetUsage,7.5005,13.4765,2400.0,18001.2,18.001,75.085,23.433,-3.975
11Je14my97hBHYwYXU$Rg_,IfcWallStandardCase,3072191,Basiswand:RB_W_OB_250_WU:3072191,IfcMaterialLayerSetUsage,7.5005,13.4765,2400.0,18001.2,18.001,75.085,23.433,-3.975
11Je14my97hBHYwYXU$Rh1,IfcWallStandardCase,3072192,Basiswand:RB_W_OB_250_WU:3072192,IfcMaterialLayerSetUsage,7.8963,13.8713,2400.0,18951.1,18.951,60.03,23.433,-3.975
11Je14my97hBHYwYXU$Rh1,IfcWallStandardCase,3072192,Basiswand:RB_W_OB_250_WU:3072192,IfcMaterialLayerSetUsage,7.8963,13.8713,2400.0,18951.1,18.951,60.03,23.433,-3.975
11Je14my97hBHYwYXU$Rh0,IfcWallStandardCase,3072193,Basiswand:RB_W_OB_250_WU:3072193,IfcMaterialLayerSetUsage,7.4913,13.4663,2400.0,17979.0,17.979,44.98,23.433,-3.975
11Je14my97hBHYwYXU$Rh0,IfcWallStandardCase,3072193,Basiswand:RB_W_OB_250_WU:3072193,IfcMaterialLayerSetUsage,7.4913,13.4663,2400.0,17979.0,17.979,44.98,23.433,-3.975
11Je14my97hBHYwYXU$Rh2,IfcWallStandardCase,3072195,Basiswand:RB_W_OB_250_WU:3072195,IfcMaterialLayerSetUsage,1.0678,1.0678,2400.0,2562.7,2.563,83.215,-3.499,-4.475
11Je14my97hBHYwYXU$Rh2,IfcWallStandardCase,3072195,Basiswand:RB_W_OB_250_WU:3072195,IfcMaterialLayerSetUsage,1.0678,1.0678,2400.0,2562.7,2.563,83.215,-3.499,-4.475
11Je14my97hBHYwYXU$RuM,IfcWallStandardCase,3073047,Basiswand:RB_W_OB_250_WU:3073047,IfcMaterialLayerSetUsage,0.9412,0.9412,2400.0,2258.8,2.259,85.165,0.076,-3.48
11Je14my97hBHYwYXU$RuM,IfcWallStandardCase,3073047,Basiswand:RB_W_OB_250_WU:3073047,IfcMaterialLayerSetUsage,0.9412,0.9412,2400.0,2258.8,2.259,85.165,0.076,-3.48
11Je14my97hBHYwYXU$Rgs,IfcWallStandardCase,3072183,Basiswand:RB_W_OB_300:3072183,IfcMaterialLayerSetUsage,3.15,3.15,2400.0,7560.0,7.56,83.24,-1.048,-1.45
11Je14my97hBHYwYXU$Rgs,IfcWallStandardCase,3072183,Basiswand:RB_W_OB_300:3072183,IfcMaterialLayerSetUsage,3.15,3.15,2400.0,7560.0,7.56,83.24,-1.048,-1.45
11Je14my97hBHYwYXU$Rhp,IfcWallStandardCase,3072242,Basiswand:RB_W_OB_300:3072242,IfcMaterialLayerSetUsage,6.8712,6.8776,2400.0,16490.9,16.491,83.24,-1.424,8.715
11Je14my97hBHYwYXU$Rhp,IfcWallStandardCase,3072242,Basiswand:RB_W_OB_300:3072242,IfcMaterialLayerSetUsage,6.8712,6.8776,2400.0,16490.9,16.491,83.24,-1.424,8.715
11Je14my97hBHYwYXU$Rie,IfcWallStandardCase,3072297,Basiswand:RB_W_OB_300:3072297,IfcMaterialLayerSetUsage,1.5665,1.5681,2400.0,3759.6,3.76,83.24,-1.298,-5.13
11Je14my97hBHYwYXU$Rie,IfcWallStandardCase,3072297,Basiswand:RB_W_OB_300:3072297,IfcMaterialLayerSetUsage,1.5665,1.5681,2400.0,3759.6,3.76,83.24,-1.298,-5.13
11Je14my97hBHYwYXU$RZZ,IfcWallStandardCase,3072738,Basiswand:RB_W_OB_300:3072738,IfcMaterialLayerSetUsage,3.9351,3.9392,2400.0,9444.3,9.444,83.24,-1.273,2.2
11Je14my97hBHYwYXU$RZZ,IfcWallStandardCase,3072738,Basiswand:RB_W_OB_300:3072738,IfcMaterialLayerSetUsage,3.9351,3.9392,2400.0,9444.3,9.444,83.24,-1.273,2.2
11Je14my97hBHYwYXU$RuO,IfcWallStandardCase,3073049,Basiswand:RB_W_OB_300_WU:3073049,IfcMaterialLayerSetUsage,0.9539,0.9539,2400.0,2289.3,2.289,83.239,-1.299,-3.48
11Je14my97hBHYwYXU$RuO,IfcWallStandardCase,3073049,Basiswand:RB_W_OB_300_WU:3073049,IfcMaterialLayerSetUsage,0.9539,0.9539,2400.0,2289.3,2.289,83.239,-1.299,-3.48
11Je14my97hBHYwYXU$Rh3,IfcWallStandardCase,3072194,Basiswand:RB_W_OB_400_WU:3072194,IfcMaterialLayerSetUsage,49.6706,50.1196,2400.0,119209.5,119.21,36.78,9.754,-3.755
11Je14my97hBHYwYXU$Rh3,IfcWallStandardCase,3072194,Basiswand:RB_W_OB_400_WU:3072194,IfcMaterialLayerSetUsage,49.6706,50.1196,2400.0,119209.5,119.21,36.78,9.754,-3.755
11Je14my97hBHYwYXU$Rh4,IfcWallStandardCase,3072197,Basiswand:RB_W_OB_400_WU:3072197,IfcMaterialLayerSetUsage,94.7125,94.7125,2400.0,227310.0,227.31,60.035,-4.399,-3.46
11Je14my97hBHYwYXU$Rh4,IfcWallStandardCase,3072197,Basiswand:RB_W_OB_400_WU:3072197,IfcMaterialLayerSetUsage,94.7125,94.7125,2400.0,227310.0,227.31,60.035,-4.399,-3.46
11Je14my97hBHYwYXU$Rj1,IfcWallStandardCase,3072320,Basiswand:RB_W_OB_ATK_200:3072320,IfcMaterialLayerSetUsage,2.4338,2.4338,2400.0,5841.1,5.841,36.83,9.551,13.295
11Je14my97hBHYwYXU$Rj1,IfcWallStandardCase,3072320,Basiswand:RB_W_OB_ATK_200:3072320,IfcMaterialLayerSetUsage,2.4338,2.4338,2400.0,5841.1,5.841,36.83,9.551,13.295
11Je14my97hBHYwYXU$Rj0,IfcWallStandardCase,3072321,Basiswand:RB_W_OB_ATK_200:3072321,IfcMaterialLayerSetUsage,3.9904,3.9904,2400.0,9577.0,9.577,60.13,23.601,13.295
11Je14my97hBHYwYXU$Rj0,IfcWallStandardCase,3072321,Basiswand:RB_W_OB_ATK_200:3072321,IfcMaterialLayerSetUsage,3.9904,3.9904,2400.0,9577.0,9.577,60.13,23.601,13.295
11Je14my97hBHYwYXU$Rj3,IfcWallStandardCase,3072322,Basiswand:RB_W_OB_ATK_200:3072322,IfcMaterialLayerSetUsage,2.4166,2.4166,2400.0,5799.8,5.8,83.23,9.451,13.295
11Je14my97hBHYwYXU$Rj3,IfcWallStandardCase,3072322,Basiswand:RB_W_OB_ATK_200:3072322,IfcMaterialLayerSetUsage,2.4166,2.4166,2400.0,5799.8,5.8,83.23,9.451,13.295
11Je14my97hBHYwYXU$Rj2,IfcWallStandardCase,3072323,Basiswand:RB_W_OB_ATK_200:3072323,IfcMaterialLayerSetUsage,3.9732,3.9732,2400.0,9535.7,9.536,60.03,-4.499,13.295
11Je14my97hBHYwYXU$Rj2,IfcWallStandardCase,3072323,Basiswand:RB_W_OB_ATK_200:3072323,IfcMaterialLayerSetUsage,3.9732,3.9732,2400.0,9535.7,9.536,60.03,-4.499,13.295
11Je14my97hBHYwYXU$RkK,IfcWallStandardCase,3072405,Basiswand:RB_W_OB_ATK_200:3072405,IfcMaterialLayerSetUsage,0.659,0.659,2400.0,1581.7,1.582,85.16,10.501,8.63
11Je14my97hBHYwYXU$RkK,IfcWallStandardCase,3072405,Basiswand:RB_W_OB_ATK_200:3072405,IfcMaterialLayerSetUsage,0.659,0.659,2400.0,1581.7,1.582,85.16,10.501,8.63
11Je14my97hBHYwYXU$RkN,IfcWallStandardCase,3072406,Basiswand:RB_W_OB_ATK_200:3072406,IfcMaterialLayerSetUsage,1.917,1.917,2400.0,4600.8,4.601,87.091,5.276,8.63
11Je14my97hBHYwYXU$RkN,IfcWallStandardCase,3072406,Basiswand:RB_W_OB_ATK_200:3072406,IfcMaterialLayerSetUsage,1.917,1.917,2400.0,4600.8,4.601,87.091,5.276,8.63
11Je14my97hBHYwYXU$RkM,IfcWallStandardCase,3072407,Basiswand:RB_W_OB_ATK_200:3072407,IfcMaterialLayerSetUsage,0.659,0.659,2400.0,1581.7,1.582,85.16,0.051,8.63
11Je14my97hBHYwYXU$RkM,IfcWallStandardCase,3072407,Basiswand:RB_W_OB_ATK_200:3072407,IfcMaterialLayerSetUsage,0.659,0.659,2400.0,1581.7,1.582,85.16,0.051,8.63
11Je14my97hBHYwYXU$Rl5,IfcWallStandardCase,3072452,Basiswand:RB_W_OB_DV_300:3072452,IfcMaterialLayerSetUsage,0.2521,0.2521,2400.0,604.9,0.605,98.964,-4.559,-8.64
11Je14my97hBHYwYXU$Rl5,IfcWallStandardCase,3072452,Basiswand:RB_W_OB_DV_300:3072452,IfcMaterialLayerSetUsage,0.2521,0.2521,2400.0,604.9,0.605,98.964,-4.559,-8.64
11Je14my97hBHYwYXU$Rl4,IfcWallStandardCase,3072453,Basiswand:RB_W_OB_DV_300:3072453,IfcMaterialLayerSetUsage,0.1981,0.1981,2400.0,475.3,0.475,99.664,-5.109,-8.64
11Je14my97hBHYwYXU$Rl4,IfcWallStandardCase,3072453,Basiswand:RB_W_OB_DV_300:3072453,IfcMaterialLayerSetUsage,0.1981,0.1981,2400.0,475.3,0.475,99.664,-5.109,-8.64
11Je14my97hBHYwYXU$Rl7,IfcWallStandardCase,3072454,Basiswand:RB_W_OB_DV_300:3072454,IfcMaterialLayerSetUsage,0.1981,0.1981,2400.0,475.3,0.475,100.064,-4.409,-8.64
11Je14my97hBHYwYXU$Rl7,IfcWallStandardCase,3072454,Basiswand:RB_W_OB_DV_300:3072454,IfcMaterialLayerSetUsage,0.1981,0.1981,2400.0,475.3,0.475,100.064,-4.409,-8.64
11Je14my97hBHYwYXU$Rl6,IfcWallStandardCase,3072455,Basiswand:RB_W_OB_DV_300:3072455,IfcMaterialLayerSetUsage,0.1441,0.1441,2400.0,345.7,0.346,99.514,-4.009,-8.64
11Je14my97hBHYwYXU$Rl6,IfcWallStandardCase,3072455,Basiswand:RB_W_OB_DV_300:3072455,IfcMaterialLayerSetUsage,0.1441,0.1441,2400.0,345.7,0.346,99.514,-4.009,-8.64
11Je14my97hBHYwYXU$RiM,IfcWallStandardCase,3072279,Basiswand:RB_W_OB_DV_400_WU:3072279,IfcMaterialLayerSetUsage,3.1985,3.1985,2400.0,7676.4,7.676,83.14,3.978,-7.095
11Je14my97hBHYwYXU$RiM,IfcWallStandardCase,3072279,Basiswand:RB_W_OB_DV_400_WU:3072279,IfcMaterialLayerSetUsage,3.1985,3.1985,2400.0,7676.4,7.676,83.14,3.978,-7.095
1ARDazObD6dh1ZoLyvjaMV,IfcWallStandardCase,3082211,Basiswand:STB 200:3082211,IfcMaterialLayerSetUsage,68.3658,429.6661,2400.0,164078.0,164.078,91.093,-14.209,-1.1
1ARDazObD6dh1ZoLyvjaMV,IfcWallStandardCase,3082211,Basiswand:STB 200:3082211,IfcMaterialLayerSetUsage,68.3658,429.6661,2400.0,164078.0,164.078,91.093,-14.209,-1.1
