global_id,ifc_type,name,x_m,y_m,z_m,x_min_m,y_min_m,z_min_m,x_max_m,y_max_m,z_max_m,length_m,width_m,height_m,material,thickness_m,load_bearing,is_external,reference
11Je14my97hBHYwYXU$Rgl,IfcWall,Basiswand:RB_W_OB_250_WU:3072174,87.066,5.158,-5.17,86.941,-0.049,-7.39,87.191,10.365,-2.95,0.25,10.414,4.44,IfcMaterialLayerSet,0.25,False,True,RB_W_OB_250_WU
11Je14my97hBHYwYXU$Rgn,IfcWall,Basiswand:RB_W_OB_250_WU:3072176,87.006,10.48,-4.52,86.821,10.355,-6.09,87.191,10.605,-2.95,0.37,0.25,3.14,IfcMaterialLayerSet,0.25,False,True,RB_W_OB_250_WU
11Je14my97hBHYwYXU$Rh5,IfcWall,Basiswand:RB_W_OB_400_WU:3072196,85.266,10.565,-6.74,83.34,10.365,-7.39,87.191,10.765,-6.09,3.851,0.4,1.3,IfcMaterialLayerSet,0.4,False,True,RB_W_OB_400_WU
11Je14my97hBHYwYXU$Rc6,IfcWall,Basiswand:RB_W_DMG_120:3072903,87.251,1.206,-3.221,87.191,-0.209,-3.81,87.311,2.621,-2.631,0.12,2.83,1.179,IfcMaterialLayerSet,0.12,False,True,RB_W_DMG_120
11Je14my97hBHYwYXU$RcD,IfcWall,Basiswand:RB_W_DMG_120:3072908,36.67,9.494,-1.016,36.61,-4.719,-1.62,36.73,23.708,-0.412,0.12,28.426,1.208,IfcMaterialLayerSet,0.12,False,True,RB_W_DMG_120
11Je14my97hBHYwYXU$RgL,IfcWallStandardCase,Basiswand:RB_W_OB_250_WU:3072148,93.688,1.828,-6.1,87.211,1.703,-7.94,100.164,1.953,-4.26,12.953,0.25,3.68,IfcMaterialLayerSetUsage,0.25,False,True,RB_W_OB_250_WU
11Je14my97hBHYwYXU$RgK,IfcWallStandardCase,Basiswand:RB_W_OB_250_WU:3072149,100.039,-1.753,-6.1,99.914,-5.209,-7.94,100.164,1.703,-4.26,0.25,6.912,3.68,IfcMaterialLayerSetUsage,0.25,False,True,RB_W_OB_250_WU
11Je14my97hBHYwYXU$RgN,IfcWallStandardCase,Basiswand:RB_W_OB_250_WU:3072150,94.563,-5.084,-6.1,89.212,-5.209,-7.94,99.914,-4.959,-4.26,10.702,0.25,3.68,IfcMaterialLayerSetUsage,0.25,False,True,RB_W_OB_250_WU
11Je14my97hBHYwYXU$RgM,IfcWallStandardCase,Basiswand:RB_W_OB_250_WU:3072151,89.337,-3.754,-6.1,89.212,-4.959,-7.94,89.462,-2.548,-4.26,0.25,2.411,3.68,IfcMaterialLayerSetUsage,0.25,False,True,RB_W_OB_250_WU
11Je14my97hBHYwYXU$RgP,IfcWallStandardCase,Basiswand:RB_W_OB_250_WU:3072152,88.211,-2.673,-6.1,87.211,-2.798,-7.94,89.212,-2.548,-4.26,2.0,0.25,3.68,IfcMaterialLayerSetUsage,0.25,False,True,RB_W_OB_250_WU
11Je14my97hBHYwYXU$RgO,IfcWallStandardCase,Basiswand:RB_W_OB_250_WU:3072153,87.336,-0.423,-6.1,87.211,-2.548,-7.94,87.461,1.703,-4.26,0.25,4.251,3.68,IfcMaterialLayerSetUsage,0.25,False,True,RB_W_OB_250_WU
11Je14my97hBHYwYXU$RgR,IfcWallStandardCase,Basiswand:RB_W_OB_200:3072154,93.688,0.222,-6.1,87.461,0.122,-7.94,99.914,0.322,-4.26,12.453,0.2,3.68,IfcMaterialLayerSetUsage,0.2,False,True,RB_W_OB_200
11Je14my97hBHYwYXU$RgT,IfcWallStandardCase,Basiswand:RB_W_OB_200:3072156,89.362,-1.153,-6.1,89.262,-2.428,-7.94,89.462,0.122,-4.26,0.2,2.551,3.68,IfcMaterialLayerSetUsage,0.2,False,True,RB_W_OB_200
11Je14my97hBHYwYXU$RgS,IfcWallStandardCase,Basiswand:RB_W_OB_200:3072157,91.562,-2.418,-6.1,91.462,-4.959,-7.94,91.662,0.122,-4.26,0.2,5.081,3.68,IfcMaterialLayerSetUsage,0.2,False,True,RB_W_OB_200
11Je14my97hBHYwYXU$RgV,IfcWallStandardCase,Basiswand:RB_W_OB_200:3072158,94.312,-1.153,-6.1,94.212,-2.428,-7.94,94.412,0.122,-4.26,0.2,2.55,3.68,IfcMaterialLayerSetUsage,0.2,False,True,RB_W_OB_200
11Je14my97hBHYwYXU$RgU,IfcWallStandardCase,Basiswand:RB_W_OB_200:3072159,96.763,-1.153,-6.1,96.663,-2.428,-7.94,96.863,0.122,-4.26,0.2,2.551,3.68,IfcMaterialLayerSetUsage,0.2,False,True,RB_W_OB_200
11Je14my97hBHYwYXU$RgX,IfcWallStandardCase,Basiswand:RB_W_OB_200:3072160,98.389,-2.528,-6.1,96.863,-2.628,-7.94,99.914,-2.428,-4.26,3.051,0.2,3.68,IfcMaterialLayerSetUsage,0.2,False,True,RB_W_OB_200
11Je14my97hBHYwYXU$RgW,IfcWallStandardCase,Basiswand:RB_W_OB_200:3072161,93.162,-2.528,-6.1,89.462,-2.628,-7.94,96.863,-2.428,-4.26,7.402,0.2,3.68,IfcMaterialLayerSetUsage,0.2,False,True,RB_W_OB_200
11Je14my97hBHYwYXU$Rgm,IfcWallStandardCase,Basiswand:RB_W_OB_250_WU:3072177,85.519,10.48,-4.52,85.341,10.355,-6.09,85.698,10.605,-2.95,0.358,0.25,3.14,IfcMaterialLayerSetUsage,0.25,False,True,RB_W_OB_250_WU
11Je14my97hBHYwYXU$Rgp,IfcWallStandardCase,Basiswand:RB_W_MW_KS_240:3072178,86.26,10.485,-4.52,85.698,10.365,-6.09,86.821,10.605,-2.95,1.123,0.24,3.14,IfcMaterialLayerSetUsage,0.24,False,False,RB_W_MW_KS_240
11Je14my97hBHYwYXU$Rgo,IfcWallStandardCase,Basiswand:RB_W_MW_KS_240:3072179,84.34,10.485,-3.145,83.34,10.365,-6.09,85.341,10.605,-0.2,2.001,0.24,5.89,IfcMaterialLayerSetUsage,0.24,False,False,RB_W_MW_KS_240
11Je14my97hBHYwYXU$Rgr,IfcWallStandardCase,Basiswand:RB_W_OB_250:3072180,83.205,5.279,-4.475,83.08,0.203,-6.0,83.33,10.355,-2.95,0.25,10.152,3.05,IfcMaterialLayerSetUsage,0.25,False,False,RB_W_OB_250
11Je14my97hBHYwYXU$Rgq,IfcWallStandardCase,Basiswand:RB_W_OB_250_WU:3072181,87.066,-0.423,-5.825,86.941,-2.548,-7.39,87.191,1.703,-4.26,0.25,4.251,3.13,IfcMaterialLayerSetUsage,0.25,False,True,RB_W_OB_250_WU
11Je14my97hBHYwYXU$Rgt,IfcWallStandardCase,Basiswand:RB_W_OB_250_WU:3072182,85.29,-2.673,-5.825,83.39,-2.798,-7.39,87.191,-2.548,-4.26,3.801,0.25,3.13,IfcMaterialLayerSetUsage,0.25,False,True,RB_W_OB_250_WU
11Je14my97hBHYwYXU$Rgs,IfcWallStandardCase,Basiswand:RB_W_OB_300:3072183,83.24,-1.048,-1.45,83.09,-2.798,-2.95,83.39,0.702,0.05,0.3,3.5,3.0,IfcMaterialLayerSetUsage,0.3,False,False,RB_W_OB_300
11Je14my97hBHYwYXU$Rg$,IfcWallStandardCase,Basiswand:RB_W_OB_250_WU:3072190,83.205,16.831,-0.85,83.08,10.355,-6.0,83.33,23.307,4.3,0.25,12.952,10.3,IfcMaterialLayerSetUsage,0.25,False,True,RB_W_OB_250_WU
11Je14my97hBHYwYXU$Rg_,IfcWallStandardCase,Basiswand:RB_W_OB_250_WU:3072191,75.085,23.433,-3.975,68.43,23.308,-6.0,81.74,23.558,-1.95,13.31,0.25,4.05,IfcMaterialLayerSetUsage,0.25,False,True,RB_W_OB_250_WU
11Je14my97hBHYwYXU$Rh1,IfcWallStandardCase,Basiswand:RB_W_OB_250_WU:3072192,60.03,23.433,-3.975,53.18,23.308,-6.0,66.88,23.558,-1.95,13.7,0.25,4.05,IfcMaterialLayerSetUsage,0.25,False,True,RB_W_OB_250_WU
11Je14my97hBHYwYXU$Rh0,IfcWallStandardCase,Basiswand:RB_W_OB_250_WU:3072193,44.98,23.433,-3.975,38.33,23.308,-6.0,51.63,23.558,-1.95,13.3,0.25,4.05,IfcMaterialLayerSetUsage,0.25,False,True,RB_W_OB_250_WU
11Je14my97hBHYwYXU$Rh3,IfcWallStandardCase,Basiswand:RB_W_OB_400_WU:3072194,36.78,9.754,-3.755,36.58,-4.199,-6.0,36.98,23.708,-1.51,0.4,27.906,4.49,IfcMaterialLayerSetUsage,0.4,False,True,RB_W_OB_400_WU
11Je14my97hBHYwYXU$Rh2,IfcWallStandardCase,Basiswand:RB_W_OB_250_WU:3072195,83.215,-3.499,-4.475,83.09,-4.199,-6.0,83.34,-2.798,-2.95,0.25,1.4,3.05,IfcMaterialLayerSetUsage,0.25,False,True,RB_W_OB_250_WU
11Je14my97hBHYwYXU$Rh4,IfcWallStandardCase,Basiswand:RB_W_OB_400_WU:3072197,60.035,-4.399,-3.46,36.73,-4.599,-6.0,83.34,-4.199,-0.92,46.61,0.4,5.08,IfcMaterialLayerSetUsage,0.4,False,True,RB_W_OB_400_WU
11Je14my97hBHYwYXU$RhD,IfcWallStandardCase,Basiswand:RB_UZ_OB_400:3072204,60.035,23.508,3.44,36.73,23.308,2.53,83.34,23.708,4.35,46.61,0.4,1.82,IfcMaterialLayerSetUsage,0.4,False,True,RB_UZ_OB_400
11Je14my97hBHYwYXU$RhC,IfcWallStandardCase,Basiswand:RB_W_OB_250:3072205,36.855,9.551,-0.229,36.73,-4.199,-1.51,36.98,23.301,1.052,0.25,27.5,2.562,IfcMaterialLayerSetUsage,0.25,False,False,RB_W_OB_250
11Je14my97hBHYwYXU$RhT,IfcWallStandardCase,Basiswand:RB_UZ_OB_400:3072220,60.035,-4.399,3.615,36.73,-4.599,2.88,83.34,-4.199,4.35,46.61,0.4,1.47,IfcMaterialLayerSetUsage,0.4,False,True,RB_UZ_OB_400
11Je14my97hBHYwYXU$Rhe,IfcWallStandardCase,Basiswand:RB_UZ_OB_400:3072233,60.03,23.501,12.13,36.73,23.301,11.38,83.33,23.701,12.88,46.6,0.4,1.5,IfcMaterialLayerSetUsage,0.4,False,True,RB_UZ_OB_400
11Je14my97hBHYwYXU$Rhh,IfcWallStandardCase,Basiswand:RB_UZ_OB_400:3072234,60.03,-4.399,12.13,36.73,-4.599,11.38,83.33,-4.199,12.88,46.6,0.4,1.5,IfcMaterialLayerSetUsage,0.4,False,True,RB_UZ_OB_400
11Je14my97hBHYwYXU$Rhg,IfcWallStandardCase,Basiswand:RB_W_OB_250:3072235,44.78,-4.474,6.09,38.33,-4.599,4.55,51.23,-4.349,7.63,12.9,0.25,3.08,IfcMaterialLayerSetUsage,0.25,False,False,RB_W_OB_250
11Je14my97hBHYwYXU$Rhj,IfcWallStandardCase,Basiswand:RB_W_OB_250:3072236,60.03,-4.474,6.09,53.58,-4.599,4.55,66.48,-4.349,7.63,12.9,0.25,3.08,IfcMaterialLayerSetUsage,0.25,False,False,RB_W_OB_250
11Je14my97hBHYwYXU$Rhi,IfcWallStandardCase,Basiswand:RB_W_OB_250:3072237,75.28,-4.474,6.09,68.83,-4.599,4.55,81.73,-4.349,7.63,12.9,0.25,3.08,IfcMaterialLayerSetUsage,0.25,False,False,RB_W_OB_250
11Je14my97hBHYwYXU$Rhl,IfcWallStandardCase,Basiswand:RB_W_OB_250:3072238,44.98,23.426,6.09,38.33,23.301,4.55,51.63,23.551,7.63,13.3,0.25,3.08,IfcMaterialLayerSetUsage,0.25,False,False,RB_W_OB_250
11Je14my97hBHYwYXU$Rhk,IfcWallStandardCase,Basiswand:RB_W_OB_250:3072239,60.03,23.426,6.09,53.18,23.301,4.55,66.88,23.551,7.63,13.7,0.25,3.08,IfcMaterialLayerSetUsage,0.25,False,False,RB_W_OB_250
11Je14my97hBHYwYXU$Rhn,IfcWallStandardCase,Basiswand:RB_W_OB_250:3072240,75.08,23.426,6.09,68.43,23.301,4.55,81.73,23.551,7.63,13.3,0.25,3.08,IfcMaterialLayerSetUsage,0.25,False,False,RB_W_OB_250
11Je14my97hBHYwYXU$Rhm,IfcWallStandardCase,Basiswand:RB_W_OB_250:3072241,83.205,16.953,6.255,83.08,10.605,4.55,83.33,23.301,7.96,0.25,12.697,3.41,IfcMaterialLayerSetUsage,0.25,False,False,RB_W_OB_250
11Je14my97hBHYwYXU$Rhp,IfcWallStandardCase,Basiswand:RB_W_OB_300:3072242,83.24,-1.424,8.715,83.09,-2.798,4.55,83.39,-0.049,12.88,0.3,2.75,8.33,IfcMaterialLayerSetUsage,0.3,False,False,RB_W_OB_300
11Je14my97hBHYwYXU$Rho,IfcWallStandardCase,Basiswand:RB_W_OB_250:3072243,83.215,-3.499,8.715,83.09,-4.199,4.55,83.34,-2.798,12.88,0.25,1.4,8.33,IfcMaterialLayerSetUsage,0.25,False,False,RB_W_OB_250
11Je14my97hBHYwYXU$Rhr,IfcWallStandardCase,Basiswand:RB_W_OB_250:3072244,83.205,5.278,6.255,83.08,-0.049,4.55,83.33,10.605,7.96,0.25,10.653,3.41,IfcMaterialLayerSetUsage,0.25,False,False,RB_W_OB_250
11Je14my97hBHYwYXU$Rh$,IfcWallStandardCase,Basiswand:RB_W_OB_250:3072254,36.855,9.551,6.09,36.73,-4.199,4.55,36.98,23.301,7.63,0.25,27.5,3.08,IfcMaterialLayerSetUsage,0.25,False,False,RB_W_OB_250
11Je14my97hBHYwYXU$Rh_,IfcWallStandardCase,Basiswand:RB_W_OB_250:3072255,36.855,20.301,9.505,36.73,17.301,7.63,36.98,23.301,11.38,0.25,6.0,3.75,IfcMaterialLayerSetUsage,0.25,False,False,RB_W_OB_250
11Je14my97hBHYwYXU$Ri1,IfcWallStandardCase,Basiswand:RB_W_OB_250:3072256,36.855,-3.349,9.505,36.73,-4.199,7.63,36.98,-2.499,11.38,0.25,1.7,3.75,IfcMaterialLayerSetUsage,0.25,False,False,RB_W_OB_250
11Je14my97hBHYwYXU$Ri0,IfcWallStandardCase,Basiswand:RB_UZ_OB_250:3072257,36.855,9.551,12.13,36.73,-4.199,11.38,36.98,23.301,12.88,0.25,27.5,1.5,IfcMaterialLayerSetUsage,0.25,False,True,RB_UZ_OB_250
11Je14my97hBHYwYXU$Ri2,IfcWallStandardCase,Basiswand:RB_UZ_OB_400:3072259,60.03,23.501,8.505,36.73,23.301,7.63,83.33,23.701,9.38,46.6,0.4,1.75,IfcMaterialLayerSetUsage,0.4,False,True,RB_UZ_OB_400
11Je14my97hBHYwYXU$RiN,IfcWallStandardCase,Basiswand:RB_W_OB_250:3072278,83.205,5.278,10.53,83.08,-0.049,8.18,83.33,10.605,12.88,0.25,10.653,4.7,IfcMaterialLayerSetUsage,0.25,False,False,RB_W_OB_250
11Je14my97hBHYwYXU$RiM,IfcWallStandardCase,Basiswand:RB_W_OB_DV_400_WU:3072279,83.14,3.978,-7.095,82.94,-2.798,-7.39,83.34,10.755,-6.8,0.4,13.553,0.59,IfcMaterialLayerSetUsage,0.4,False,False,RB_W_OB_DV_400_WU
11Je14my97hBHYwYXU$Ric,IfcWallStandardCase,Basiswand:RB_W_OB_250:3072295,85.165,0.077,-5.825,83.39,-0.048,-7.39,86.941,0.203,-4.26,3.551,0.25,3.13,IfcMaterialLayerSetUsage,0.25,False,False,RB_W_OB_250
11Je14my97hBHYwYXU$Rie,IfcWallStandardCase,Basiswand:RB_W_OB_300:3072297,83.24,-1.298,-5.13,83.09,-2.798,-6.0,83.39,0.203,-4.26,0.3,3.001,1.74,IfcMaterialLayerSetUsage,0.3,False,False,RB_W_OB_300
11Je14my97hBHYwYXU$Rih,IfcWallStandardCase,Basiswand:RB_W_MW_KS_240:3072298,85.261,10.245,-6.805,83.58,10.125,-7.39,86.941,10.365,-6.22,3.361,0.24,1.17,IfcMaterialLayerSetUsage,0.24,False,False,RB_W_MW_KS_240
11Je14my97hBHYwYXU$Rig,IfcWallStandardCase,Basiswand:RB_W_MW_KS_240:3072299,86.821,8.724,-6.805,86.701,7.324,-7.39,86.941,10.125,-6.22,0.24,2.8,1.17,IfcMaterialLayerSetUsage,0.24,False,False,RB_W_MW_KS_240
11Je14my97hBHYwYXU$Rij,IfcWallStandardCase,Basiswand:RB_W_MW_KS_240:3072300,83.46,8.844,-6.805,83.34,7.324,-7.39,83.58,10.365,-6.22,0.24,3.04,1.17,IfcMaterialLayerSetUsage,0.24,False,False,RB_W_MW_KS_240
11Je14my97hBHYwYXU$Rii,IfcWallStandardCase,Basiswand:RB_W_OB_250:3072301,87.066,5.279,-1.45,86.941,-0.047,-2.95,87.191,10.605,0.05,0.25,10.652,3.0,IfcMaterialLayerSetUsage,0.25,False,False,RB_W_OB_250
11Je14my97hBHYwYXU$Ril,IfcWallStandardCase,Basiswand:RB_W_OB_250:3072302,86.141,10.48,-1.575,85.341,10.355,-2.95,86.941,10.605,-0.2,1.6,0.25,2.75,IfcMaterialLayerSetUsage,0.25,False,False,RB_W_OB_250
11Je14my97hBHYwYXU$Rik,IfcWallStandardCase,Basiswand:RB_W_OB_250:3072303,87.066,5.279,2.3,86.941,-0.047,0.05,87.191,10.605,4.55,0.25,10.652,4.5,IfcMaterialLayerSetUsage,0.25,False,False,RB_W_OB_250
11Je14my97hBHYwYXU$Rin,IfcWallStandardCase,Basiswand:RB_W_OB_250:3072304,86.141,10.48,2.175,85.341,10.355,0.05,86.941,10.605,4.3,1.6,0.25,4.25,IfcMaterialLayerSetUsage,0.25,False,False,RB_W_OB_250
11Je14my97hBHYwYXU$Rim,IfcWallStandardCase,Basiswand:RB_W_OB_250:3072305,87.066,5.279,6.255,86.941,-0.047,4.55,87.191,10.605,7.96,0.25,10.652,3.41,IfcMaterialLayerSetUsage,0.25,False,False,RB_W_OB_250
11Je14my97hBHYwYXU$Rip,IfcWallStandardCase,Basiswand:RB_W_OB_250:3072306,86.141,10.48,6.255,85.341,10.355,4.55,86.941,10.605,7.96,1.6,0.25,3.41,IfcMaterialLayerSetUsage,0.25,False,False,RB_W_OB_250
11Je14my97hBHYwYXU$Rj1,IfcWallStandardCase,Basiswand:RB_W_OB_ATK_200:3072320,36.83,9.551,13.295,36.73,-4.599,13.08,36.93,23.701,13.51,0.2,28.3,0.43,IfcMaterialLayerSetUsage,0.2,False,False,RB_W_OB_ATK_200
11Je14my97hBHYwYXU$Rj0,IfcWallStandardCase,Basiswand:RB_W_OB_ATK_200:3072321,60.13,23.601,13.295,36.93,23.501,13.08,83.33,23.701,13.51,46.4,0.2,0.43,IfcMaterialLayerSetUsage,0.2,False,False,RB_W_OB_ATK_200
11Je14my97hBHYwYXU$Rj3,IfcWallStandardCase,Basiswand:RB_W_OB_ATK_200:3072322,83.23,9.451,13.295,83.13,-4.599,13.08,83.33,23.501,13.51,0.2,28.1,0.43,IfcMaterialLayerSetUsage,0.2,False,False,RB_W_OB_ATK_200
11Je14my97hBHYwYXU$Rj2,IfcWallStandardCase,Basiswand:RB_W_OB_ATK_200:3072323,60.03,-4.499,13.295,36.93,-4.599,13.08,83.13,-4.399,13.51,46.2,0.2,0.43,IfcMaterialLayerSetUsage,0.2,False,False,RB_W_OB_ATK_200
11Je14my97hBHYwYXU$Rj5,IfcWallStandardCase,Basiswand:RB_W_MW_KS_240:3072324,84.335,10.485,2.175,83.33,10.365,0.05,85.341,10.605,4.3,2.011,0.24,4.25,IfcMaterialLayerSetUsage,0.24,False,False,RB_W_MW_KS_240
11Je14my97hBHYwYXU$Rj4,IfcWallStandardCase,Basiswand:RB_W_MW_KS_240:3072325,84.335,10.485,6.255,83.33,10.365,4.55,85.341,10.605,7.96,2.011,0.24,3.41,IfcMaterialLayerSetUsage,0.24,False,False,RB_W_MW_KS_240
11Je14my97hBHYwYXU$RkL,IfcWallStandardCase,Basiswand:RB_W_OB_250:3072404,40.98,23.433,-5.4,39.28,23.308,-6.0,42.68,23.558,-4.8,3.4,0.25,1.2,IfcMaterialLayerSetUsage,0.25,False,False,RB_W_OB_250
11Je14my97hBHYwYXU$RkK,IfcWallStandardCase,Basiswand:RB_W_OB_ATK_200:3072405,85.16,10.501,8.63,83.33,10.401,8.18,86.991,10.601,9.08,3.661,0.2,0.9,IfcMaterialLayerSetUsage,0.2,False,False,RB_W_OB_ATK_200
11Je14my97hBHYwYXU$RkN,IfcWallStandardCase,Basiswand:RB_W_OB_ATK_200:3072406,87.091,5.276,8.63,86.991,-0.049,8.18,87.191,10.601,9.08,0.2,10.65,0.9,IfcMaterialLayerSetUsage,0.2,False,False,RB_W_OB_ATK_200
11Je14my97hBHYwYXU$RkM,IfcWallStandardCase,Basiswand:RB_W_OB_ATK_200:3072407,85.16,0.051,8.63,83.33,-0.049,8.18,86.991,0.151,9.08,3.661,0.2,0.9,IfcMaterialLayerSetUsage,0.2,False,False,RB_W_OB_ATK_200
11Je14my97hBHYwYXU$Rkd,IfcWallStandardCase,Basiswand:RB_W_OB_250:3072422,83.78,0.076,6.255,83.33,-0.049,4.55,84.23,0.201,7.96,0.9,0.25,3.41,IfcMaterialLayerSetUsage,0.25,False,False,RB_W_OB_250
11Je14my97hBHYwYXU$Rkc,IfcWallStandardCase,Basiswand:RB_W_OB_250:3072423,83.81,0.076,2.3,83.39,-0.049,0.05,84.23,0.201,4.55,0.84,0.25,4.5,IfcMaterialLayerSetUsage,0.25,False,False,RB_W_OB_250
11Je14my97hBHYwYXU$Rkf,IfcWallStandardCase,Basiswand:RB_W_MW_KS_250:3072424,40.98,23.433,-4.085,39.28,23.308,-4.8,42.68,23.558,-3.37,3.4,0.25,1.43,IfcMaterialLayerSetUsage,0.25,False,False,RB_W_MW_KS_250
11Je14my97hBHYwYXU$Rke,IfcWallStandardCase,Basiswand:RB_W_OB_250:3072425,44.981,23.433,-5.4,43.281,23.308,-6.0,46.681,23.558,-4.8,3.4,0.25,1.2,IfcMaterialLayerSetUsage,0.25,False,False,RB_W_OB_250
11Je14my97hBHYwYXU$Rkh,IfcWallStandardCase,Basiswand:RB_W_MW_KS_250:3072426,44.981,23.433,-4.085,43.281,23.308,-4.8,46.681,23.558,-3.37,3.4,0.25,1.43,IfcMaterialLayerSetUsage,0.25,False,False,RB_W_MW_KS_250
11Je14my97hBHYwYXU$Rkg,IfcWallStandardCase,Basiswand:RB_W_OB_250:3072427,59.786,23.433,-5.4,58.086,23.308,-6.0,61.486,23.558,-4.8,3.4,0.25,1.2,IfcMaterialLayerSetUsage,0.25,False,False,RB_W_OB_250
11Je14my97hBHYwYXU$Rkj,IfcWallStandardCase,Basiswand:RB_W_MW_KS_250:3072428,59.786,23.433,-4.085,58.086,23.308,-4.8,61.486,23.558,-3.37,3.4,0.25,1.43,IfcMaterialLayerSetUsage,0.25,False,False,RB_W_MW_KS_250
11Je14my97hBHYwYXU$Rki,IfcWallStandardCase,Basiswand:RB_W_OB_250:3072429,63.788,23.433,-5.4,62.088,23.308,-6.0,65.488,23.558,-4.8,3.4,0.25,1.2,IfcMaterialLayerSetUsage,0.25,False,False,RB_W_OB_250
11Je14my97hBHYwYXU$Rkl,IfcWallStandardCase,Basiswand:RB_W_MW_KS_250:3072430,63.788,23.433,-4.085,62.088,23.308,-4.8,65.488,23.558,-3.37,3.4,0.25,1.43,IfcMaterialLayerSetUsage,0.25,False,False,RB_W_MW_KS_250
11Je14my97hBHYwYXU$Rkk,IfcWallStandardCase,Basiswand:RB_W_OB_250:3072431,75.089,23.433,-5.4,73.389,23.308,-6.0,76.789,23.558,-4.8,3.4,0.25,1.2,IfcMaterialLayerSetUsage,0.25,False,False,RB_W_OB_250
11Je14my97hBHYwYXU$Rkn,IfcWallStandardCase,Basiswand:RB_W_MW_KS_250:3072432,75.089,23.433,-4.085,73.389,23.308,-4.8,76.789,23.558,-3.37,3.4,0.25,1.43,IfcMaterialLayerSetUsage,0.25,False,False,RB_W_MW_KS_250
11Je14my97hBHYwYXU$Rkm,IfcWallStandardCase,Basiswand:RB_W_OB_250:3072433,79.089,23.433,-5.4,77.389,23.308,-6.0,80.789,23.558,-4.8,3.4,0.25,1.2,IfcMaterialLayerSetUsage,0.25,False,False,RB_W_OB_250
11Je14my97hBHYwYXU$Rkp,IfcWallStandardCase,Basiswand:RB_W_MW_KS_250:3072434,79.089,23.433,-4.085,77.389,23.308,-4.8,80.789,23.558,-3.37,3.4,0.25,1.43,IfcMaterialLayerSetUsage,0.25,False,False,RB_W_MW_KS_250
11Je14my97hBHYwYXU$Rko,IfcWallStandardCase,Basiswand:RB_W_OB_250:3072435,70.862,23.433,-5.4,69.862,23.308,-6.0,71.862,23.558,-4.8,2.0,0.25,1.2,IfcMaterialLayerSetUsage,0.25,False,False,RB_W_OB_250
11Je14my97hBHYwYXU$Rkr,IfcWallStandardCase,Basiswand:RB_W_MW_KS_250:3072436,70.862,23.433,-4.085,69.862,23.308,-4.8,71.862,23.558,-3.37,2.0,0.25,1.43,IfcMaterialLayerSetUsage,0.25,False,False,RB_W_MW_KS_250
11Je14my97hBHYwYXU$Rkq,IfcWallStandardCase,Basiswand:RB_W_OB_250:3072437,55.558,23.433,-5.4,54.558,23.308,-6.0,56.558,23.558,-4.8,2.0,0.25,1.2,IfcMaterialLayerSetUsage,0.25,False,False,RB_W_OB_250
11Je14my97hBHYwYXU$Rkt,IfcWallStandardCase,Basiswand:RB_W_MW_KS_250:3072438,55.558,23.433,-4.085,54.558,23.308,-4.8,56.558,23.558,-3.37,2.0,0.25,1.43,IfcMaterialLayerSetUsage,0.25,False,False,RB_W_MW_KS_250
11Je14my97hBHYwYXU$Rks,IfcWallStandardCase,Basiswand:RB_W_OB_250:3072439,49.208,23.433,-5.4,48.208,23.308,-6.0,50.208,23.558,-4.8,2.0,0.25,1.2,IfcMaterialLayerSetUsage,0.25,False,False,RB_W_OB_250
11Je14my97hBHYwYXU$Rkv,IfcWallStandardCase,Basiswand:RB_W_MW_KS_250:3072440,49.208,23.433,-4.085,48.208,23.308,-4.8,50.208,23.558,-3.37,2.0,0.25,1.43,IfcMaterialLayerSetUsage,0.25,False,False,RB_W_MW_KS_250
11Je14my97hBHYwYXU$Rl5,IfcWallStandardCase,Basiswand:RB_W_OB_DV_300:3072452,98.964,-4.559,-8.64,98.814,-5.259,-8.94,99.114,-3.859,-8.34,0.3,1.4,0.6,IfcMaterialLayerSetUsage,0.3,False,False,RB_W_OB_DV_300
11Je14my97hBHYwYXU$Rl4,IfcWallStandardCase,Basiswand:RB_W_OB_DV_300:3072453,99.664,-5.109,-8.64,99.114,-5.259,-8.94,100.214,-4.959,-8.34,1.1,0.3,0.6,IfcMaterialLayerSetUsage,0.3,False,False,RB_W_OB_DV_300
11Je14my97hBHYwYXU$Rl7,IfcWallStandardCase,Basiswand:RB_W_OB_DV_300:3072454,100.064,-4.409,-8.64,99.914,-4.959,-8.94,100.214,-3.859,-8.34,0.3,1.1,0.6,IfcMaterialLayerSetUsage,0.3,False,False,RB_W_OB_DV_300
11Je14my97hBHYwYXU$Rl6,IfcWallStandardCase,Basiswand:RB_W_OB_DV_300:3072455,99.514,-4.009,-8.64,99.114,-4.159,-8.94,99.914,-3.859,-8.34,0.8,0.3,0.6,IfcMaterialLayerSetUsage,0.3,False,False,RB_W_OB_DV_300
11Je14my97hBHYwYXU$RZX,IfcWallStandardCase,Basiswand:RB_W_OB_250:3072736,83.215,5.528,-1.45,83.09,0.702,-2.95,83.34,10.355,0.05,0.25,9.653,3.0,IfcMaterialLayerSetUsage,0.25,False,False,RB_W_OB_250
11Je14my97hBHYwYXU$RZW,IfcWallStandardCase,Basiswand:RB_W_OB_250:3072737,83.215,5.303,2.2,83.09,0.252,0.05,83.341,10.355,4.35,0.251,10.102,4.3,IfcMaterialLayerSetUsage,0.251,False,False,RB_W_OB_250
11Je14my97hBHYwYXU$RZZ,IfcWallStandardCase,Basiswand:RB_W_OB_300:3072738,83.24,-1.273,2.2,83.09,-2.798,0.05,83.39,0.252,4.35,0.3,3.051,4.3,IfcMaterialLayerSetUsage,0.3,False,False,RB_W_OB_300
11Je14my97hBHYwYXU$RbX,IfcWallStandardCase,Basiswand:RB_W_DMG_120:3072864,87.251,6.439,-5.845,87.191,2.113,-7.94,87.311,10.765,-3.75,0.12,8.652,4.19,IfcMaterialLayerSetUsage,0.12,False,True,RB_W_DMG_120
11Je14my97hBHYwYXU$RbW,IfcWallStandardCase,Basiswand:RB_W_DMG_160:3072865,93.758,2.033,-5.975,87.191,1.953,-7.94,100.324,2.113,-4.01,13.133,0.16,3.93,IfcMaterialLayerSetUsage,0.16,False,True,RB_W_DMG_160
11Je14my97hBHYwYXU$RbZ,IfcWallStandardCase,Basiswand:RB_W_DMG_160:3072866,100.244,-0.922,-5.975,100.164,-3.797,-7.94,100.324,1.953,-4.01,0.16,5.75,3.93,IfcMaterialLayerSetUsage,0.16,False,True,RB_W_DMG_160
11Je14my97hBHYwYXU$RbY,IfcWallStandardCase,Basiswand:RB_W_DMG_160:3072867,90.937,-5.289,-5.975,89.212,-5.369,-7.94,92.662,-5.209,-4.01,3.45,0.16,3.93,IfcMaterialLayerSetUsage,0.16,False,True,RB_W_DMG_160
11Je14my97hBHYwYXU$Rbb,IfcWallStandardCase,Basiswand:RB_W_DMG_160:3072868,86.276,-2.88,-5.975,83.34,-2.96,-7.94,89.212,-2.8,-4.01,5.871,0.16,3.93,IfcMaterialLayerSetUsage,0.16,False,True,RB_W_DMG_160
11Je14my97hBHYwYXU$Rba,IfcWallStandardCase,Basiswand:RB_W_DMG_120:3072869,59.93,-5.76,-3.807,36.46,-5.82,-6.9,83.4,-5.7,-0.714,46.941,0.12,6.186,IfcMaterialLayerSetUsage,0.12,False,True,RB_W_DMG_120
11Je14my97hBHYwYXU$Rbd,IfcWallStandardCase,Basiswand:RB_W_DMG_120:3072870,83.4,17.556,-5.8,83.34,10.605,-6.8,83.46,24.508,-4.8,0.12,13.903,2.0,IfcMaterialLayerSetUsage,0.12,False,True,RB_W_DMG_120
11Je14my97hBHYwYXU$Rbo,IfcWallStandardCase,Basiswand:RB_W_DMG_120:3072883,59.9,23.768,-5.4,36.459,23.708,-6.0,83.34,23.828,-4.8,46.881,0.12,1.2,IfcMaterialLayerSetUsage,0.12,False,True,RB_W_DMG_120
11Je14my97hBHYwYXU$Rbr,IfcWallStandardCase,Basiswand:RB_W_DMG_120:3072884,60.015,24.568,-6.4,36.569,24.508,-6.8,83.46,24.628,-6.0,46.891,0.12,0.8,IfcMaterialLayerSetUsage,0.12,False,True,RB_W_DMG_120
11Je14my97hBHYwYXU$Rbq,IfcWallStandardCase,Basiswand:RB_W_DMG_120:3072885,85.326,10.824,-7.015,83.34,10.764,-7.94,87.311,10.884,-6.09,3.971,0.12,1.85,IfcMaterialLayerSetUsage,0.12,False,True,RB_W_DMG_120
11Je14my97hBHYwYXU$Rc7,IfcWallStandardCase,Basiswand:RB_W_DMG_120:3072902,85.386,10.664,-5.445,83.46,10.604,-6.09,87.311,10.724,-4.8,3.851,0.12,1.29,IfcMaterialLayerSetUsage,0.12,False,True,RB_W_DMG_120
11Je14my97hBHYwYXU$Rc9,IfcWallStandardCase,Basiswand:RB_W_DMG_120:3072904,83.45,-1.424,-3.263,83.39,-2.798,-3.81,83.51,-0.049,-2.715,0.12,2.75,1.095,IfcMaterialLayerSetUsage,0.12,False,True,RB_W_DMG_120
11Je14my97hBHYwYXU$Rc8,IfcWallStandardCase,Basiswand:RB_W_DMG_120:3072905,85.71,-0.11,-3.38,84.23,-0.17,-3.81,87.191,-0.049,-2.95,2.961,0.12,0.86,IfcMaterialLayerSetUsage,0.12,False,True,RB_W_DMG_120
11Je14my97hBHYwYXU$RcB,IfcWallStandardCase,Basiswand:RB_W_DMG_120:3072906,83.87,-0.109,-3.263,83.51,-0.169,-3.81,84.23,-0.049,-2.715,0.72,0.12,1.095,IfcMaterialLayerSetUsage,0.12,False,True,RB_W_DMG_120
11Je14my97hBHYwYXU$Rd5,IfcWallStandardCase,Basiswand:RB_W_DMG_160:3072964,89.132,-4.164,-5.975,89.052,-5.369,-7.94,89.212,-2.96,-4.01,0.16,2.409,3.93,IfcMaterialLayerSetUsage,0.16,False,True,RB_W_DMG_160
11Je14my97hBHYwYXU$RuI,IfcWallStandardCase,Basiswand:RB_W_OB_250:3073043,83.215,-3.499,-1.45,83.09,-4.199,-2.95,83.34,-2.798,0.05,0.25,1.4,3.0,IfcMaterialLayerSetUsage,0.25,False,False,RB_W_OB_250
11Je14my97hBHYwYXU$RuL,IfcWallStandardCase,Basiswand:RB_W_OB_250:3073044,83.215,-3.499,2.2,83.09,-4.199,0.05,83.34,-2.798,4.35,0.25,1.4,4.3,IfcMaterialLayerSetUsage,0.25,False,False,RB_W_OB_250
11Je14my97hBHYwYXU$RuK,IfcWallStandardCase,Basiswand:RB_W_OB_250:3073045,83.205,16.953,10.42,83.08,10.605,7.96,83.33,23.301,12.88,0.25,12.697,4.92,IfcMaterialLayerSetUsage,0.25,False,False,RB_W_OB_250
11Je14my97hBHYwYXU$RuN,IfcWallStandardCase,Basiswand:RB_W_OB_250:3073046,36.855,9.551,2.701,36.73,-4.199,1.052,36.98,23.301,4.35,0.25,27.5,3.298,IfcMaterialLayerSetUsage,0.25,False,False,RB_W_OB_250
11Je14my97hBHYwYXU$RuM,IfcWallStandardCase,Basiswand:RB_W_OB_250_WU:3073047,85.165,0.076,-3.48,83.389,-0.049,-4.01,86.941,0.201,-2.95,3.552,0.25,1.06,IfcMaterialLayerSetUsage,0.25,False,True,RB_W_OB_250_WU
11Je14my97hBHYwYXU$RuP,IfcWallStandardCase,Basiswand:RB_W_OB_250:3073048,83.81,0.076,-1.45,83.39,-0.049,-2.95,84.23,0.201,0.05,0.84,0.25,3.0,IfcMaterialLayerSetUsage,0.25,False,False,RB_W_OB_250
11Je14my97hBHYwYXU$RuO,IfcWallStandardCase,Basiswand:RB_W_OB_300_WU:3073049,83.239,-1.299,-3.48,83.089,-2.798,-4.01,83.389,0.201,-2.95,0.3,3.0,1.06,IfcMaterialLayerSetUsage,0.3,False,True,RB_W_OB_300_WU
11Je14my97hBHYwYXU$Rug,IfcWallStandardCase,Basiswand:RB_W_MW_KS_250:3073067,66.506,23.433,-4.27,66.131,23.308,-5.02,66.88,23.558,-3.52,0.748,0.25,1.5,IfcMaterialLayerSetUsage,0.25,False,False,RB_W_MW_KS_250
11Je14my97hBHYwYXU$Ruj,IfcWallStandardCase,Basiswand:RB_W_MW_KS_250:3073068,68.807,23.433,-4.27,68.43,23.308,-5.02,69.185,23.558,-3.52,0.755,0.25,1.5,IfcMaterialLayerSetUsage,0.25,False,False,RB_W_MW_KS_250
11Je14my97hBHYwYXU$Rui,IfcWallStandardCase,Basiswand:RB_W_MW_KS_250:3073069,53.559,23.433,-4.27,53.18,23.308,-5.02,53.938,23.558,-3.52,0.759,0.25,1.5,IfcMaterialLayerSetUsage,0.25,False,False,RB_W_MW_KS_250
11Je14my97hBHYwYXU$Rul,IfcWallStandardCase,Basiswand:RB_W_MW_KS_250:3073070,51.254,23.433,-4.27,50.878,23.308,-5.02,51.63,23.558,-3.52,0.752,0.25,1.5,IfcMaterialLayerSetUsage,0.25,False,False,RB_W_MW_KS_250
1ARDazObD6dh1ZoLyvjaMV,IfcWallStandardCase,Basiswand:STB 200:3082211,91.093,-14.209,-1.1,46.118,-14.838,-3.0,136.069,-13.581,0.8,89.951,1.257,3.8,IfcMaterialLayerSetUsage,1.257,False,True,STB 200
11Je14my97hBHYwYXU$RgL,IfcWallStandardCase,Basiswand:RB_W_OB_250_WU:3072148,93.688,1.828,-6.1,87.211,1.703,-7.94,100.164,1.953,-4.26,12.953,0.25,3.68,IfcMaterialLayerSetUsage,0.25,False,True,RB_W_OB_250_WU
11Je14my97hBHYwYXU$RgK,IfcWallStandardCase,Basiswand:RB_W_OB_250_WU:3072149,100.039,-1.753,-6.1,99.914,-5.209,-7.94,100.164,1.703,-4.26,0.25,6.912,3.68,IfcMaterialLayerSetUsage,0.25,False,True,RB_W_OB_250_WU
11Je14my97hBHYwYXU$RgN,IfcWallStandardCase,Basiswand:RB_W_OB_250_WU:3072150,94.563,-5.084,-6.1,89.212,-5.209,-7.94,99.914,-4.959,-4.26,10.702,0.25,3.68,IfcMaterialLayerSetUsage,0.25,False,True,RB_W_OB_250_WU
11Je14my97hBHYwYXU$RgM,IfcWallStandardCase,Basiswand:RB_W_OB_250_WU:3072151,89.337,-3.754,-6.1,89.212,-4.959,-7.94,89.462,-2.548,-4.26,0.25,2.411,3.68,IfcMaterialLayerSetUsage,0.25,False,True,RB_W_OB_250_WU
11Je14my97hBHYwYXU$RgP,IfcWallStandardCase,Basiswand:RB_W_OB_250_WU:3072152,88.211,-2.673,-6.1,87.211,-2.798,-7.94,89.212,-2.548,-4.26,2.0,0.25,3.68,IfcMaterialLayerSetUsage,0.25,False,True,RB_W_OB_250_WU
11Je14my97hBHYwYXU$RgO,IfcWallStandardCase,Basiswand:RB_W_OB_250_WU:3072153,87.336,-0.423,-6.1,87.211,-2.548,-7.94,87.461,1.703,-4.26,0.25,4.251,3.68,IfcMaterialLayerSetUsage,0.25,False,True,RB_W_OB_250_WU
11Je14my97hBHYwYXU$RgR,IfcWallStandardCase,Basiswand:RB_W_OB_200:3072154,93.688,0.222,-6.1,87.461,0.122,-7.94,99.914,0.322,-4.26,12.453,0.2,3.68,IfcMaterialLayerSetUsage,0.2,False,True,RB_W_OB_200
11Je14my97hBHYwYXU$RgT,IfcWallStandardCase,Basiswand:RB_W_OB_200:3072156,89.362,-1.153,-6.1,89.262,-2.428,-7.94,89.462,0.122,-4.26,0.2,2.551,3.68,IfcMaterialLayerSetUsage,0.2,False,True,RB_W_OB_200
11Je14my97hBHYwYXU$RgS,IfcWallStandardCase,Basiswand:RB_W_OB_200:3072157,91.562,-2.418,-6.1,91.462,-4.959,-7.94,91.662,0.122,-4.26,0.2,5.081,3.68,IfcMaterialLayerSetUsage,0.2,False,True,RB_W_OB_200
11Je14my97hBHYwYXU$RgV,IfcWallStandardCase,Basiswand:RB_W_OB_200:3072158,94.312,-1.153,-6.1,94.212,-2.428,-7.94,94.412,0.122,-4.26,0.2,2.55,3.68,IfcMaterialLayerSetUsage,0.2,False,True,RB_W_OB_200
11Je14my97hBHYwYXU$RgU,IfcWallStandardCase,Basiswand:RB_W_OB_200:3072159,96.763,-1.153,-6.1,96.663,-2.428,-7.94,96.863,0.122,-4.26,0.2,2.551,3.68,IfcMaterialLayerSetUsage,0.2,False,True,RB_W_OB_200
11Je14my97hBHYwYXU$RgX,IfcWallStandardCase,Basiswand:RB_W_OB_200:3072160,98.389,-2.528,-6.1,96.863,-2.628,-7.94,99.914,-2.428,-4.26,3.051,0.2,3.68,IfcMaterialLayerSetUsage,0.2,False,True,RB_W_OB_200
11Je14my97hBHYwYXU$RgW,IfcWallStandardCase,Basiswand:RB_W_OB_200:3072161,93.162,-2.528,-6.1,89.462,-2.628,-7.94,96.863,-2.428,-4.26,7.402,0.2,3.68,IfcMaterialLayerSetUsage,0.2,False,True,RB_W_OB_200
11Je14my97hBHYwYXU$Rgm,IfcWallStandardCase,Basiswand:RB_W_OB_250_WU:3072177,85.519,10.48,-4.52,85.341,10.355,-6.09,85.698,10.605,-2.95,0.358,0.25,3.14,IfcMaterialLayerSetUsage,0.25,False,True,RB_W_OB_250_WU
11Je14my97hBHYwYXU$Rgp,IfcWallStandardCase,Basiswand:RB_W_MW_KS_240:3072178,86.26,10.485,-4.52,85.698,10.365,-6.09,86.821,10.605,-2.95,1.123,0.24,3.14,IfcMaterialLayerSetUsage,0.24,False,False,RB_W_MW_KS_240
11Je14my97hBHYwYXU$Rgo,IfcWallStandardCase,Basiswand:RB_W_MW_KS_240:3072179,84.34,10.485,-3.145,83.34,10.365,-6.09,85.341,10.605,-0.2,2.001,0.24,5.89,IfcMaterialLayerSetUsage,0.24,False,False,RB_W_MW_KS_240
11Je14my97hBHYwYXU$Rgr,IfcWallStandardCase,Basiswand:RB_W_OB_250:3072180,83.205,5.279,-4.475,83.08,0.203,-6.0,83.33,10.355,-2.95,0.25,10.152,3.05,IfcMaterialLayerSetUsage,0.25,False,False,RB_W_OB_250
11Je14my97hBHYwYXU$Rgq,IfcWallStandardCase,Basiswand:RB_W_OB_250_WU:3072181,87.066,-0.423,-5.825,86.941,-2.548,-7.39,87.191,1.703,-4.26,0.25,4.251,3.13,IfcMaterialLayerSetUsage,0.25,False,True,RB_W_OB_250_WU
11Je14my97hBHYwYXU$Rgt,IfcWallStandardCase,Basiswand:RB_W_OB_250_WU:3072182,85.29,-2.673,-5.825,83.39,-2.798,-7.39,87.191,-2.548,-4.26,3.801,0.25,3.13,IfcMaterialLayerSetUsage,0.25,False,True,RB_W_OB_250_WU
11Je14my97hBHYwYXU$Rgs,IfcWallStandardCase,Basiswand:RB_W_OB_300:3072183,83.24,-1.048,-1.45,83.09,-2.798,-2.95,83.39,0.702,0.05,0.3,3.5,3.0,IfcMaterialLayerSetUsage,0.3,False,False,RB_W_OB_300
11Je14my97hBHYwYXU$Rg$,IfcWallStandardCase,Basiswand:RB_W_OB_250_WU:3072190,83.205,16.831,-0.85,83.08,10.355,-6.0,83.33,23.307,4.3,0.25,12.952,10.3,IfcMaterialLayerSetUsage,0.25,False,True,RB_W_OB_250_WU
11Je14my97hBHYwYXU$Rg_,IfcWallStandardCase,Basiswand:RB_W_OB_250_WU:3072191,75.085,23.433,-3.975,68.43,23.308,-6.0,81.74,23.558,-1.95,13.31,0.25,4.05,IfcMaterialLayerSetUsage,0.25,False,True,RB_W_OB_250_WU
11Je14my97hBHYwYXU$Rh1,IfcWallStandardCase,Basiswand:RB_W_OB_250_WU:3072192,60.03,23.433,-3.975,53.18,23.308,-6.0,66.88,23.558,-1.95,13.7,0.25,4.05,IfcMaterialLayerSetUsage,0.25,False,True,RB_W_OB_250_WU
11Je14my97hBHYwYXU$Rh0,IfcWallStandardCase,Basiswand:RB_W_OB_250_WU:3072193,44.98,23.433,-3.975,38.33,23.308,-6.0,51.63,23.558,-1.95,13.3,0.25,4.05,IfcMaterialLayerSetUsage,0.25,False,True,RB_W_OB_250_WU
11Je14my97hBHYwYXU$Rh3,IfcWallStandardCase,Basiswand:RB_W_OB_400_WU:3072194,36.78,9.754,-3.755,36.58,-4.199,-6.0,36.98,23.708,-1.51,0.4,27.906,4.49,IfcMaterialLayerSetUsage,0.4,False,True,RB_W_OB_400_WU
11Je14my97hBHYwYXU$Rh2,IfcWallStandardCase,Basiswand:RB_W_OB_250_WU:3072195,83.215,-3.499,-4.475,83.09,-4.199,-6.0,83.34,-2.798,-2.95,0.25,1.4,3.05,IfcMaterialLayerSetUsage,0.25,False,True,RB_W_OB_250_WU
11Je14my97hBHYwYXU$Rh4,IfcWallStandardCase,Basiswand:RB_W_OB_400_WU:3072197,60.035,-4.399,-3.46,36.73,-4.599,-6.0,83.34,-4.199,-0.92,46.61,0.4,5.08,IfcMaterialLayerSetUsage,0.4,False,True,RB_W_OB_400_WU
11Je14my97hBHYwYXU$RhD,IfcWallStandardCase,Basiswand:RB_UZ_OB_400:3072204,60.035,23.508,3.44,36.73,23.308,2.53,83.34,23.708,4.35,46.61,0.4,1.82,IfcMaterialLayerSetUsage,0.4,False,True,RB_UZ_OB_400
11Je14my97hBHYwYXU$RhC,IfcWallStandardCase,Basiswand:RB_W_OB_250:3072205,36.855,9.551,-0.229,36.73,-4.199,-1.51,36.98,23.301,1.052,0.25,27.5,2.562,IfcMaterialLayerSetUsage,0.25,False,False,RB_W_OB_250
11Je14my97hBHYwYXU$RhT,IfcWallStandardCase,Basiswand:RB_UZ_OB_400:3072220,60.035,-4.399,3.615,36.73,-4.599,2.88,83.34,-4.199,4.35,46.61,0.4,1.47,IfcMaterialLayerSetUsage,0.4,False,True,RB_UZ_OB_400
11Je14my97hBHYwYXU$Rhe,IfcWallStandardCase,Basiswand:RB_UZ_OB_400:3072233,60.03,23.501,12.13,36.73,23.301,11.38,83.33,23.701,12.88,46.6,0.4,1.5,IfcMaterialLayerSetUsage,0.4,False,True,RB_UZ_OB_400
11Je14my97hBHYwYXU$Rhh,IfcWallStandardCase,Basiswand:RB_UZ_OB_400:3072234,60.03,-4.399,12.13,36.73,-4.599,11.38,83.33,-4.199,12.88,46.6,0.4,1.5,IfcMaterialLayerSetUsage,0.4,False,True,RB_UZ_OB_400
11Je14my97hBHYwYXU$Rhg,IfcWallStandardCase,Basiswand:RB_W_OB_250:3072235,44.78,-4.474,6.09,38.33,-4.599,4.55,51.23,-4.349,7.63,12.9,0.25,3.08,IfcMaterialLayerSetUsage,0.25,False,False,RB_W_OB_250
11Je14my97hBHYwYXU$Rhj,IfcWallStandardCase,Basiswand:RB_W_OB_250:3072236,60.03,-4.474,6.09,53.58,-4.599,4.55,66.48,-4.349,7.63,12.9,0.25,3.08,IfcMaterialLayerSetUsage,0.25,False,False,RB_W_OB_250
11Je14my97hBHYwYXU$Rhi,IfcWallStandardCase,Basiswand:RB_W_OB_250:3072237,75.28,-4.474,6.09,68.83,-4.599,4.55,81.73,-4.349,7.63,12.9,0.25,3.08,IfcMaterialLayerSetUsage,0.25,False,False,RB_W_OB_250
11Je14my97hBHYwYXU$Rhl,IfcWallStandardCase,Basiswand:RB_W_OB_250:3072238,44.98,23.426,6.09,38.33,23.301,4.55,51.63,23.551,7.63,13.3,0.25,3.08,IfcMaterialLayerSetUsage,0.25,False,False,RB_W_OB_250
11Je14my97hBHYwYXU$Rhk,IfcWallStandardCase,Basiswand:RB_W_OB_250:3072239,60.03,23.426,6.09,53.18,23.301,4.55,66.88,23.551,7.63,13.7,0.25,3.08,IfcMaterialLayerSetUsage,0.25,False,False,RB_W_OB_250
11Je14my97hBHYwYXU$Rhn,IfcWallStandardCase,Basiswand:RB_W_OB_250:3072240,75.08,23.426,6.09,68.43,23.301,4.55,81.73,23.551,7.63,13.3,0.25,3.08,IfcMaterialLayerSetUsage,0.25,False,False,RB_W_OB_250
11Je14my97hBHYwYXU$Rhm,IfcWallStandardCase,Basiswand:RB_W_OB_250:3072241,83.205,16.953,6.255,83.08,10.605,4.55,83.33,23.301,7.96,0.25,12.697,3.41,IfcMaterialLayerSetUsage,0.25,False,False,RB_W_OB_250
11Je14my97hBHYwYXU$Rhp,IfcWallStandardCase,Basiswand:RB_W_OB_300:3072242,83.24,-1.424,8.715,83.09,-2.798,4.55,83.39,-0.049,12.88,0.3,2.75,8.33,IfcMaterialLayerSetUsage,0.3,False,False,RB_W_OB_300
11Je14my97hBHYwYXU$Rho,IfcWallStandardCase,Basiswand:RB_W_OB_250:3072243,83.215,-3.499,8.715,83.09,-4.199,4.55,83.34,-2.798,12.88,0.25,1.4,8.33,IfcMaterialLayerSetUsage,0.25,False,False,RB_W_OB_250
11Je14my97hBHYwYXU$Rhr,IfcWallStandardCase,Basiswand:RB_W_OB_250:3072244,83.205,5.278,6.255,83.08,-0.049,4.55,83.33,10.605,7.96,0.25,10.653,3.41,IfcMaterialLayerSetUsage,0.25,False,False,RB_W_OB_250
11Je14my97hBHYwYXU$Rh$,IfcWallStandardCase,Basiswand:RB_W_OB_250:3072254,36.855,9.551,6.09,36.73,-4.199,4.55,36.98,23.301,7.63,0.25,27.5,3.08,IfcMaterialLayerSetUsage,0.25,False,False,RB_W_OB_250
11Je14my97hBHYwYXU$Rh_,IfcWallStandardCase,Basiswand:RB_W_OB_250:3072255,36.855,20.301,9.505,36.73,17.301,7.63,36.98,23.301,11.38,0.25,6.0,3.75,IfcMaterialLayerSetUsage,0.25,False,False,RB_W_OB_250
11Je14my97hBHYwYXU$Ri1,IfcWallStandardCase,Basiswand:RB_W_OB_250:3072256,36.855,-3.349,9.505,36.73,-4.199,7.63,36.98,-2.499,11.38,0.25,1.7,3.75,IfcMaterialLayerSetUsage,0.25,False,False,RB_W_OB_250
11Je14my97hBHYwYXU$Ri0,IfcWallStandardCase,Basiswand:RB_UZ_OB_250:3072257,36.855,9.551,12.13,36.73,-4.199,11.38,36.98,23.301,12.88,0.25,27.5,1.5,IfcMaterialLayerSetUsage,0.25,False,True,RB_UZ_OB_250
11Je14my97hBHYwYXU$Ri2,IfcWallStandardCase,Basiswand:RB_UZ_OB_400:3072259,60.03,23.501,8.505,36.73,23.301,7.63,83.33,23.701,9.38,46.6,0.4,1.75,IfcMaterialLayerSetUsage,0.4,False,True,RB_UZ_OB_400
11Je14my97hBHYwYXU$RiN,IfcWallStandardCase,Basiswand:RB_W_OB_250:3072278,83.205,5.278,10.53,83.08,-0.049,8.18,83.33,10.605,12.88,0.25,10.653,4.7,IfcMaterialLayerSetUsage,0.25,False,False,RB_W_OB_250
11Je14my97hBHYwYXU$RiM,IfcWallStandardCase,Basiswand:RB_W_OB_DV_400_WU:3072279,83.14,3.978,-7.095,82.94,-2.798,-7.39,83.34,10.755,-6.8,0.4,13.553,0.59,IfcMaterialLayerSetUsage,0.4,False,False,RB_W_OB_DV_400_WU
11Je14my97hBHYwYXU$Ric,IfcWallStandardCase,Basiswand:RB_W_OB_250:3072295,85.165,0.077,-5.825,83.39,-0.048,-7.39,86.941,0.203,-4.26,3.551,0.25,3.13,IfcMaterialLayerSetUsage,0.25,False,False,RB_W_OB_250
11Je14my97hBHYwYXU$Rie,IfcWallStandardCase,Basiswand:RB_W_OB_300:3072297,83.24,-1.298,-5.13,83.09,-2.798,-6.0,83.39,0.203,-4.26,0.3,3.001,1.74,IfcMaterialLayerSetUsage,0.3,False,False,RB_W_OB_300
11Je14my97hBHYwYXU$Rih,IfcWallStandardCase,Basiswand:RB_W_MW_KS_240:3072298,85.261,10.245,-6.805,83.58,10.125,-7.39,86.941,10.365,-6.22,3.361,0.24,1.17,IfcMaterialLayerSetUsage,0.24,False,False,RB_W_MW_KS_240
11Je14my97hBHYwYXU$Rig,IfcWallStandardCase,Basiswand:RB_W_MW_KS_240:3072299,86.821,8.724,-6.805,86.701,7.324,-7.39,86.941,10.125,-6.22,0.24,2.8,1.17,IfcMaterialLayerSetUsage,0.24,False,False,RB_W_MW_KS_240
11Je14my97hBHYwYXU$Rij,IfcWallStandardCase,Basiswand:RB_W_MW_KS_240:3072300,83.46,8.844,-6.805,83.34,7.324,-7.39,83.58,10.365,-6.22,0.24,3.04,1.17,IfcMaterialLayerSetUsage,0.24,False,False,RB_W_MW_KS_240
11Je14my97hBHYwYXU$Rii,IfcWallStandardCase,Basiswand:RB_W_OB_250:3072301,87.066,5.279,-1.45,86.941,-0.047,-2.95,87.191,10.605,0.05,0.25,10.652,3.0,IfcMaterialLayerSetUsage,0.25,False,False,RB_W_OB_250
11Je14my97hBHYwYXU$Ril,IfcWallStandardCase,Basiswand:RB_W_OB_250:3072302,86.141,10.48,-1.575,85.341,10.355,-2.95,86.941,10.605,-0.2,1.6,0.25,2.75,IfcMaterialLayerSetUsage,0.25,False,False,RB_W_OB_250
11Je14my97hBHYwYXU$Rik,IfcWallStandardCase,Basiswand:RB_W_OB_250:3072303,87.066,5.279,2.3,86.941,-0.047,0.05,87.191,10.605,4.55,0.25,10.652,4.5,IfcMaterialLayerSetUsage,0.25,False,False,RB_W_OB_250
11Je14my97hBHYwYXU$Rin,IfcWallStandardCase,Basiswand:RB_W_OB_250:3072304,86.141,10.48,2.175,85.341,10.355,0.05,86.941,10.605,4.3,1.6,0.25,4.25,IfcMaterialLayerSetUsage,0.25,False,False,RB_W_OB_250
11Je14my97hBHYwYXU$Rim,IfcWallStandardCase,Basiswand:RB_W_OB_250:3072305,87.066,5.279,6.255,86.941,-0.047,4.55,87.191,10.605,7.96,0.25,10.652,3.41,IfcMaterialLayerSetUsage,0.25,False,False,RB_W_OB_250
11Je14my97hBHYwYXU$Rip,IfcWallStandardCase,Basiswand:RB_W_OB_250:3072306,86.141,10.48,6.255,85.341,10.355,4.55,86.941,10.605,7.96,1.6,0.25,3.41,IfcMaterialLayerSetUsage,0.25,False,False,RB_W_OB_250
11Je14my97hBHYwYXU$Rj1,IfcWallStandardCase,Basiswand:RB_W_OB_ATK_200:3072320,36.83,9.551,13.295,36.73,-4.599,13.08,36.93,23.701,13.51,0.2,28.3,0.43,IfcMaterialLayerSetUsage,0.2,False,False,RB_W_OB_ATK_200
11Je14my97hBHYwYXU$Rj0,IfcWallStandardCase,Basiswand:RB_W_OB_ATK_200:3072321,60.13,23.601,13.295,36.93,23.501,13.08,83.33,23.701,13.51,46.4,0.2,0.43,IfcMaterialLayerSetUsage,0.2,False,False,RB_W_OB_ATK_200
11Je14my97hBHYwYXU$Rj3,IfcWallStandardCase,Basiswand:RB_W_OB_ATK_200:3072322,83.23,9.451,13.295,83.13,-4.599,13.08,83.33,23.501,13.51,0.2,28.1,0.43,IfcMaterialLayerSetUsage,0.2,False,False,RB_W_OB_ATK_200
11Je14my97hBHYwYXU$Rj2,IfcWallStandardCase,Basiswand:RB_W_OB_ATK_200:3072323,60.03,-4.499,13.295,36.93,-4.599,13.08,83.13,-4.399,13.51,46.2,0.2,0.43,IfcMaterialLayerSetUsage,0.2,False,False,RB_W_OB_ATK_200
11Je14my97hBHYwYXU$Rj5,IfcWallStandardCase,Basiswand:RB_W_MW_KS_240:3072324,84.335,10.485,2.175,83.33,10.365,0.05,85.341,10.605,4.3,2.011,0.24,4.25,IfcMaterialLayerSetUsage,0.24,False,False,RB_W_MW_KS_240
11Je14my97hBHYwYXU$Rj4,IfcWallStandardCase,Basiswand:RB_W_MW_KS_240:3072325,84.335,10.485,6.255,83.33,10.365,4.55,85.341,10.605,7.96,2.011,0.24,3.41,IfcMaterialLayerSetUsage,0.24,False,False,RB_W_MW_KS_240
11Je14my97hBHYwYXU$RkL,IfcWallStandardCase,Basiswand:RB_W_OB_250:3072404,40.98,23.433,-5.4,39.28,23.308,-6.0,42.68,23.558,-4.8,3.4,0.25,1.2,IfcMaterialLayerSetUsage,0.25,False,False,RB_W_OB_250
11Je14my97hBHYwYXU$RkK,IfcWallStandardCase,Basiswand:RB_W_OB_ATK_200:3072405,85.16,10.501,8.63,83.33,10.401,8.18,86.991,10.601,9.08,3.661,0.2,0.9,IfcMaterialLayerSetUsage,0.2,False,False,RB_W_OB_ATK_200
11Je14my97hBHYwYXU$RkN,IfcWallStandardCase,Basiswand:RB_W_OB_ATK_200:3072406,87.091,5.276,8.63,86.991,-0.049,8.18,87.191,10.601,9.08,0.2,10.65,0.9,IfcMaterialLayerSetUsage,0.2,False,False,RB_W_OB_ATK_200
11Je14my97hBHYwYXU$RkM,IfcWallStandardCase,Basiswand:RB_W_OB_ATK_200:3072407,85.16,0.051,8.63,83.33,-0.049,8.18,86.991,0.151,9.08,3.661,0.2,0.9,IfcMaterialLayerSetUsage,0.2,False,False,RB_W_OB_ATK_200
11Je14my97hBHYwYXU$Rkd,IfcWallStandardCase,Basiswand:RB_W_OB_250:3072422,83.78,0.076,6.255,83.33,-0.049,4.55,84.23,0.201,7.96,0.9,0.25,3.41,IfcMaterialLayerSetUsage,0.25,False,False,RB_W_OB_250
11Je14my97hBHYwYXU$Rkc,IfcWallStandardCase,Basiswand:RB_W_OB_250:3072423,83.81,0.076,2.3,83.39,-0.049,0.05,84.23,0.201,4.55,0.84,0.25,4.5,IfcMaterialLayerSetUsage,0.25,False,False,RB_W_OB_250
11Je14my97hBHYwYXU$Rkf,IfcWallStandardCase,Basiswand:RB_W_MW_KS_250:3072424,40.98,23.433,-4.085,39.28,23.308,-4.8,42.68,23.558,-3.37,3.4,0.25,1.43,IfcMaterialLayerSetUsage,0.25,False,False,RB_W_MW_KS_250
11Je14my97hBHYwYXU$Rke,IfcWallStandardCase,Basiswand:RB_W_OB_250:3072425,44.981,23.433,-5.4,43.281,23.308,-6.0,46.681,23.558,-4.8,3.4,0.25,1.2,IfcMaterialLayerSetUsage,0.25,False,False,RB_W_OB_250
11Je14my97hBHYwYXU$Rkh,IfcWallStandardCase,Basiswand:RB_W_MW_KS_250:3072426,44.981,23.433,-4.085,43.281,23.308,-4.8,46.681,23.558,-3.37,3.4,0.25,1.43,IfcMaterialLayerSetUsage,0.25,False,False,RB_W_MW_KS_250
11Je14my97hBHYwYXU$Rkg,IfcWallStandardCase,Basiswand:RB_W_OB_250:3072427,59.786,23.433,-5.4,58.086,23.308,-6.0,61.486,23.558,-4.8,3.4,0.25,1.2,IfcMaterialLayerSetUsage,0.25,False,False,RB_W_OB_250
11Je14my97hBHYwYXU$Rkj,IfcWallStandardCase,Basiswand:RB_W_MW_KS_250:3072428,59.786,23.433,-4.085,58.086,23.308,-4.8,61.486,23.558,-3.37,3.4,0.25,1.43,IfcMaterialLayerSetUsage,0.25,False,False,RB_W_MW_KS_250
11Je14my97hBHYwYXU$Rki,IfcWallStandardCase,Basiswand:RB_W_OB_250:3072429,63.788,23.433,-5.4,62.088,23.308,-6.0,65.488,23.558,-4.8,3.4,0.25,1.2,IfcMaterialLayerSetUsage,0.25,False,False,RB_W_OB_250
11Je14my97hBHYwYXU$Rkl,IfcWallStandardCase,Basiswand:RB_W_MW_KS_250:3072430,63.788,23.433,-4.085,62.088,23.308,-4.8,65.488,23.558,-3.37,3.4,0.25,1.43,IfcMaterialLayerSetUsage,0.25,False,False,RB_W_MW_KS_250
11Je14my97hBHYwYXU$Rkk,IfcWallStandardCase,Basiswand:RB_W_OB_250:3072431,75.089,23.433,-5.4,73.389,23.308,-6.0,76.789,23.558,-4.8,3.4,0.25,1.2,IfcMaterialLayerSetUsage,0.25,False,False,RB_W_OB_250
11Je14my97hBHYwYXU$Rkn,IfcWallStandardCase,Basiswand:RB_W_MW_KS_250:3072432,75.089,23.433,-4.085,73.389,23.308,-4.8,76.789,23.558,-3.37,3.4,0.25,1.43,IfcMaterialLayerSetUsage,0.25,False,False,RB_W_MW_KS_250
11Je14my97hBHYwYXU$Rkm,IfcWallStandardCase,Basiswand:RB_W_OB_250:3072433,79.089,23.433,-5.4,77.389,23.308,-6.0,80.789,23.558,-4.8,3.4,0.25,1.2,IfcMaterialLayerSetUsage,0.25,False,False,RB_W_OB_250
11Je14my97hBHYwYXU$Rkp,IfcWallStandardCase,Basiswand:RB_W_MW_KS_250:3072434,79.089,23.433,-4.085,77.389,23.308,-4.8,80.789,23.558,-3.37,3.4,0.25,1.43,IfcMaterialLayerSetUsage,0.25,False,False,RB_W_MW_KS_250
11Je14my97hBHYwYXU$Rko,IfcWallStandardCase,Basiswand:RB_W_OB_250:3072435,70.862,23.433,-5.4,69.862,23.308,-6.0,71.862,23.558,-4.8,2.0,0.25,1.2,IfcMaterialLayerSetUsage,0.25,False,False,RB_W_OB_250
11Je14my97hBHYwYXU$Rkr,IfcWallStandardCase,Basiswand:RB_W_MW_KS_250:3072436,70.862,23.433,-4.085,69.862,23.308,-4.8,71.862,23.558,-3.37,2.0,0.25,1.43,IfcMaterialLayerSetUsage,0.25,False,False,RB_W_MW_KS_250
11Je14my97hBHYwYXU$Rkq,IfcWallStandardCase,Basiswand:RB_W_OB_250:3072437,55.558,23.433,-5.4,54.558,23.308,-6.0,56.558,23.558,-4.8,2.0,0.25,1.2,IfcMaterialLayerSetUsage,0.25,False,False,RB_W_OB_250
11Je14my97hBHYwYXU$Rkt,IfcWallStandardCase,Basiswand:RB_W_MW_KS_250:3072438,55.558,23.433,-4.085,54.558,23.308,-4.8,56.558,23.558,-3.37,2.0,0.25,1.43,IfcMaterialLayerSetUsage,0.25,False,False,RB_W_MW_KS_250
11Je14my97hBHYwYXU$Rks,IfcWallStandardCase,Basiswand:RB_W_OB_250:3072439,49.208,23.433,-5.4,48.208,23.308,-6.0,50.208,23.558,-4.8,2.0,0.25,1.2,IfcMaterialLayerSetUsage,0.25,False,False,RB_W_OB_250
11Je14my97hBHYwYXU$Rkv,IfcWallStandardCase,Basiswand:RB_W_MW_KS_250:3072440,49.208,23.433,-4.085,48.208,23.308,-4.8,50.208,23.558,-3.37,2.0,0.25,1.43,IfcMaterialLayerSetUsage,0.25,False,False,RB_W_MW_KS_250
11Je14my97hBHYwYXU$Rl5,IfcWallStandardCase,Basiswand:RB_W_OB_DV_300:3072452,98.964,-4.559,-8.64,98.814,-5.259,-8.94,99.114,-3.859,-8.34,0.3,1.4,0.6,IfcMaterialLayerSetUsage,0.3,False,False,RB_W_OB_DV_300
11Je14my97hBHYwYXU$Rl4,IfcWallStandardCase,Basiswand:RB_W_OB_DV_300:3072453,99.664,-5.109,-8.64,99.114,-5.259,-8.94,100.214,-4.959,-8.34,1.1,0.3,0.6,IfcMaterialLayerSetUsage,0.3,False,False,RB_W_OB_DV_300
11Je14my97hBHYwYXU$Rl7,IfcWallStandardCase,Basiswand:RB_W_OB_DV_300:3072454,100.064,-4.409,-8.64,99.914,-4.959,-8.94,100.214,-3.859,-8.34,0.3,1.1,0.6,IfcMaterialLayerSetUsage,0.3,False,False,RB_W_OB_DV_300
11Je14my97hBHYwYXU$Rl6,IfcWallStandardCase,Basiswand:RB_W_OB_DV_300:3072455,99.514,-4.009,-8.64,99.114,-4.159,-8.94,99.914,-3.859,-8.34,0.8,0.3,0.6,IfcMaterialLayerSetUsage,0.3,False,False,RB_W_OB_DV_300
11Je14my97hBHYwYXU$RZX,IfcWallStandardCase,Basiswand:RB_W_OB_250:3072736,83.215,5.528,-1.45,83.09,0.702,-2.95,83.34,10.355,0.05,0.25,9.653,3.0,IfcMaterialLayerSetUsage,0.25,False,False,RB_W_OB_250
11Je14my97hBHYwYXU$RZW,IfcWallStandardCase,Basiswand:RB_W_OB_250:3072737,83.215,5.303,2.2,83.09,0.252,0.05,83.341,10.355,4.35,0.251,10.102,4.3,IfcMaterialLayerSetUsage,0.251,False,False,RB_W_OB_250
11Je14my97hBHYwYXU$RZZ,IfcWallStandardCase,Basiswand:RB_W_OB_300:3072738,83.24,-1.273,2.2,83.09,-2.798,0.05,83.39,0.252,4.35,0.3,3.051,4.3,IfcMaterialLayerSetUsage,0.3,False,False,RB_W_OB_300
11Je14my97hBHYwYXU$RbX,IfcWallStandardCase,Basiswand:RB_W_DMG_120:3072864,87.251,6.439,-5.845,87.191,2.113,-7.94,87.311,10.765,-3.75,0.12,8.652,4.19,IfcMaterialLayerSetUsage,0.12,False,True,RB_W_DMG_120
11Je14my97hBHYwYXU$RbW,IfcWallStandardCase,Basiswand:RB_W_DMG_160:3072865,93.758,2.033,-5.975,87.191,1.953,-7.94,100.324,2.113,-4.01,13.133,0.16,3.93,IfcMaterialLayerSetUsage,0.16,False,True,RB_W_DMG_160
11Je14my97hBHYwYXU$RbZ,IfcWallStandardCase,Basiswand:RB_W_DMG_160:3072866,100.244,-0.922,-5.975,100.164,-3.797,-7.94,100.324,1.953,-4.01,0.16,5.75,3.93,IfcMaterialLayerSetUsage,0.16,False,True,RB_W_DMG_160
11Je14my97hBHYwYXU$RbY,IfcWallStandardCase,Basiswand:RB_W_DMG_160:3072867,90.937,-5.289,-5.975,89.212,-5.369,-7.94,92.662,-5.209,-4.01,3.45,0.16,3.93,IfcMaterialLayerSetUsage,0.16,False,True,RB_W_DMG_160
11Je14my97hBHYwYXU$Rbb,IfcWallStandardCase,Basiswand:RB_W_DMG_160:3072868,86.276,-2.88,-5.975,83.34,-2.96,-7.94,89.212,-2.8,-4.01,5.871,0.16,3.93,IfcMaterialLayerSetUsage,0.16,False,True,RB_W_DMG_160
11Je14my97hBHYwYXU$Rba,IfcWallStandardCase,Basiswand:RB_W_DMG_120:3072869,59.93,-5.76,-3.807,36.46,-5.82,-6.9,83.4,-5.7,-0.714,46.941,0.12,6.186,IfcMaterialLayerSetUsage,0.12,False,True,RB_W_DMG_120
11Je14my97hBHYwYXU$Rbd,IfcWallStandardCase,Basiswand:RB_W_DMG_120:3072870,83.4,17.556,-5.8,83.34,10.605,-6.8,83.46,24.508,-4.8,0.12,13.903,2.0,IfcMaterialLayerSetUsage,0.12,False,True,RB_W_DMG_120
11Je14my97hBHYwYXU$Rbo,IfcWallStandardCase,Basiswand:RB_W_DMG_120:3072883,59.9,23.768,-5.4,36.459,23.708,-6.0,83.34,23.828,-4.8,46.881,0.12,1.2,IfcMaterialLayerSetUsage,0.12,False,True,RB_W_DMG_120
11Je14my97hBHYwYXU$Rbr,IfcWallStandardCase,Basiswand:RB_W_DMG_120:3072884,60.015,24.568,-6.4,36.569,24.508,-6.8,83.46,24.628,-6.0,46.891,0.12,0.8,IfcMaterialLayerSetUsage,0.12,False,True,RB_W_DMG_120
11Je14my97hBHYwYXU$Rbq,IfcWallStandardCase,Basiswand:RB_W_DMG_120:3072885,85.326,10.824,-7.015,83.34,10.764,-7.94,87.311,10.884,-6.09,3.971,0.12,1.85,IfcMaterialLayerSetUsage,0.12,False,True,RB_W_DMG_120
11Je14my97hBHYwYXU$Rc7,IfcWallStandardCase,Basiswand:RB_W_DMG_120:3072902,85.386,10.664,-5.445,83.46,10.604,-6.09,87.311,10.724,-4.8,3.851,0.12,1.29,IfcMaterialLayerSetUsage,0.12,False,True,RB_W_DMG_120
11Je14my97hBHYwYXU$Rc9,IfcWallStandardCase,Basiswand:RB_W_DMG_120:3072904,83.45,-1.424,-3.263,83.39,-2.798,-3.81,83.51,-0.049,-2.715,0.12,2.75,1.095,IfcMaterialLayerSetUsage,0.12,False,True,RB_W_DMG_120
11Je14my97hBHYwYXU$Rc8,IfcWallStandardCase,Basiswand:RB_W_DMG_120:3072905,85.71,-0.11,-3.38,84.23,-0.17,-3.81,87.191,-0.049,-2.95,2.961,0.12,0.86,IfcMaterialLayerSetUsage,0.12,False,True,RB_W_DMG_120
11Je14my97hBHYwYXU$RcB,IfcWallStandardCase,Basiswand:RB_W_DMG_120:3072906,83.87,-0.109,-3.263,83.51,-0.169,-3.81,84.23,-0.049,-2.715,0.72,0.12,1.095,IfcMaterialLayerSetUsage,0.12,False,True,RB_W_DMG_120
11Je14my97hBHYwYXU$Rd5,IfcWallStandardCase,Basiswand:RB_W_DMG_160:3072964,89.132,-4.164,-5.975,89.052,-5.369,-7.94,89.212,-2.96,-4.01,0.16,2.409,3.93,IfcMaterialLayerSetUsage,0.16,False,True,RB_W_DMG_160
11Je14my97hBHYwYXU$RuI,IfcWallStandardCase,Basiswand:RB_W_OB_250:3073043,83.215,-3.499,-1.45,83.09,-4.199,-2.95,83.34,-2.798,0.05,0.25,1.4,3.0,IfcMaterialLayerSetUsage,0.25,False,False,RB_W_OB_250
11Je14my97hBHYwYXU$RuL,IfcWallStandardCase,Basiswand:RB_W_OB_250:3073044,83.215,-3.499,2.2,83.09,-4.199,0.05,83.34,-2.798,4.35,0.25,1.4,4.3,IfcMaterialLayerSetUsage,0.25,False,False,RB_W_OB_250
11Je14my97hBHYwYXU$RuK,IfcWallStandardCase,Basiswand:RB_W_OB_250:3073045,83.205,16.953,10.42,83.08,10.605,7.96,83.33,23.301,12.88,0.25,12.697,4.92,IfcMaterialLayerSetUsage,0.25,False,False,RB_W_OB_250
11Je14my97hBHYwYXU$RuN,IfcWallStandardCase,Basiswand:RB_W_OB_250:3073046,36.855,9.551,2.701,36.73,-4.199,1.052,36.98,23.301,4.35,0.25,27.5,3.298,IfcMaterialLayerSetUsage,0.25,False,False,RB_W_OB_250
11Je14my97hBHYwYXU$RuM,IfcWallStandardCase,Basiswand:RB_W_OB_250_WU:3073047,85.165,0.076,-3.48,83.389,-0.049,-4.01,86.941,0.201,-2.95,3.552,0.25,1.06,IfcMaterialLayerSetUsage,0.25,False,True,RB_W_OB_250_WU
11Je14my97hBHYwYXU$RuP,IfcWallStandardCase,Basiswand:RB_W_OB_250:3073048,83.81,0.076,-1.45,83.39,-0.049,-2.95,84.23,0.201,0.05,0.84,0.25,3.0,IfcMaterialLayerSetUsage,0.25,False,False,RB_W_OB_250
11Je14my97hBHYwYXU$RuO,IfcWallStandardCase,Basiswand:RB_W_OB_300_WU:3073049,83.239,-1.299,-3.48,83.089,-2.798,-4.01,83.389,0.201,-2.95,0.3,3.0,1.06,IfcMaterialLayerSetUsage,0.3,False,True,RB_W_OB_300_WU
11Je14my97hBHYwYXU$Rug,IfcWallStandardCase,Basiswand:RB_W_MW_KS_250:3073067,66.506,23.433,-4.27,66.131,23.308,-5.02,66.88,23.558,-3.52,0.748,0.25,1.5,IfcMaterialLayerSetUsage,0.25,False,False,RB_W_MW_KS_250
11Je14my97hBHYwYXU$Ruj,IfcWallStandardCase,Basiswand:RB_W_MW_KS_250:3073068,68.807,23.433,-4.27,68.43,23.308,-5.02,69.185,23.558,-3.52,0.755,0.25,1.5,IfcMaterialLayerSetUsage,0.25,False,False,RB_W_MW_KS_250
11Je14my97hBHYwYXU$Rui,IfcWallStandardCase,Basiswand:RB_W_MW_KS_250:3073069,53.559,23.433,-4.27,53.18,23.308,-5.02,53.938,23.558,-3.52,0.759,0.25,1.5,IfcMaterialLayerSetUsage,0.25,False,False,RB_W_MW_KS_250
11Je14my97hBHYwYXU$Rul,IfcWallStandardCase,Basiswand:RB_W_MW_KS_250:3073070,51.254,23.433,-4.27,50.878,23.308,-5.02,51.63,23.558,-3.52,0.752,0.25,1.5,IfcMaterialLayerSetUsage,0.25,False,False,RB_W_MW_KS_250
1ARDazObD6dh1ZoLyvjaMV,IfcWallStandardCase,Basiswand:STB 200:3082211,91.093,-14.209,-1.1,46.118,-14.838,-3.0,136.069,-13.581,0.8,89.951,1.257,3.8,IfcMaterialLayerSetUsage,1.257,False,True,STB 200
11Je14my97hBHYwYXU$RgA,IfcSlab,Geschossdecke:RB_BPL_OB_400_WU:3072139,94.188,-1.628,-8.14,87.211,-6.209,-8.34,101.164,2.953,-7.94,13.953,9.162,0.4,IfcMaterialLayerSetUsage,,False,True,RB_BPL_OB_400_WU
11Je14my97hBHYwYXU$Rgb,IfcSlab,Geschossdecke:RB_BPL_OB_400_WU:3072164,85.066,3.983,-7.59,82.94,-2.798,-7.79,87.191,10.765,-7.39,4.251,13.563,0.4,IfcMaterialLayerSetUsage,,False,True,RB_BPL_OB_400_WU
11Je14my97hBHYwYXU$Rgh,IfcSlab,Geschossdecke:RB_PDT_OB_250:3072170,85.141,8.844,-6.095,83.34,7.324,-6.22,86.941,10.365,-5.97,3.601,3.04,0.25,Ortbeton - bewehrt,,False,False,RB_PDT_OB_250
11Je14my97hBHYwYXU$Rgu,IfcSlab,Geschossdecke:RB_BPL_OB_800_WU:3072185,59.979,9.954,-6.4,36.569,-4.599,-6.8,83.39,24.508,-6.0,46.821,29.106,0.8,IfcMaterialLayerSetUsage,,False,True,RB_BPL_OB_800_WU
11Je14my97hBHYwYXU$Rh9,IfcSlab,Geschossdecke:RB_GD_OB_200:3072200,60.06,9.554,4.45,36.73,-4.599,4.35,83.39,23.708,4.55,46.66,28.306,0.2,IfcMaterialLayerSetUsage,,False,False,RB_GD_OB_200
11Je14my97hBHYwYXU$RiB,IfcSlab,Geschossdecke:RB_GD_OB_200:3072266,60.03,9.551,12.98,36.73,-4.599,12.88,83.33,23.701,13.08,46.6,28.3,0.2,IfcMaterialLayerSetUsage,,False,False,RB_GD_OB_200
11Je14my97hBHYwYXU$RiG,IfcSlab,Geschossdecke:RB_GD_OB_220:3072273,85.14,5.276,8.07,83.09,-0.049,7.96,87.191,10.601,8.18,4.101,10.65,0.22,IfcMaterialLayerSetUsage,,False,False,RB_GD_OB_220
11Je14my97hBHYwYXU$RiO,IfcSlab,Geschossdecke:RB_GD_OB_250:3072281,50.082,-1.628,-2.13,0.0,-5.209,-4.26,100.164,1.953,0.0,100.164,7.162,4.26,IfcMaterialLayerSetUsage,,False,False,RB_GD_OB_250
11Je14my97hBHYwYXU$RiW,IfcSlab,Geschossdecke:RB_GD_OB_250:3072289,85.14,-1.298,-4.135,83.09,-2.798,-4.26,87.191,0.203,-4.01,4.102,3.001,0.25,IfcMaterialLayerSetUsage,,False,False,RB_GD_OB_250
11Je14my97hBHYwYXU$Rir,IfcSlab,Geschossdecke:RB_PDT_OB_250:3072308,85.141,8.96,-0.075,83.341,7.314,-0.2,86.941,10.605,0.05,3.6,3.29,0.25,IfcMaterialLayerSetUsage,,False,False,RB_PDT_OB_250
11Je14my97hBHYwYXU$Ris,IfcSlab,Geschossdecke:RB_PDT_OB_250:3072311,85.135,8.96,4.425,83.33,7.314,4.3,86.941,10.605,4.55,3.611,3.29,0.25,Ortbeton - bewehrt,,False,False,RB_PDT_OB_250
11Je14my97hBHYwYXU$RkR,IfcSlab,Geschossdecke:RB_PDT_OB_250:3072410,85.13,2.038,2.09,83.33,1.297,1.965,86.93,2.778,2.215,3.6,1.482,0.25,IfcMaterialLayerSetUsage,,False,False,RB_PDT_OB_250
11Je14my97hBHYwYXU$RkX,IfcSlab,Geschossdecke:RB_PDT_OB_250:3072416,85.135,0.91,-3.075,83.33,0.203,-3.2,86.941,1.618,-2.95,3.611,1.415,0.25,IfcMaterialLayerSetUsage,,False,False,RB_PDT_OB_250
11Je14my97hBHYwYXU$Rk_,IfcSlab,Geschossdecke:RB_BPL_OB_300_WU:3072447,99.514,-4.559,-9.09,98.814,-5.259,-9.24,100.214,-3.859,-8.94,1.4,1.4,0.3,IfcMaterialLayerSetUsage,,False,True,RB_BPL_OB_300_WU
11Je14my97hBHYwYXU$RlE,IfcSlab,Geschossdecke:RB_BPL_OB_400_WU_Var:3072463,95.788,-3.794,-8.14,91.662,-4.959,-8.34,99.914,-2.628,-7.94,8.252,2.331,0.4,Ortbeton - bewehrt,,False,True,RB_BPL_OB_400_WU_Var
11Je14my97hBHYwYXU$RZl,IfcSlab,Geschossdecke:RB_MB_uOB_1050:3072750,67.676,22.387,-7.325,64.469,20.266,-7.85,70.884,24.508,-6.8,6.415,4.242,1.05,IfcMaterialLayerSetUsage,,False,True,RB_MB_uOB_1050
11Je14my97hBHYwYXU$RZq,IfcSlab,Geschossdecke:RB_MB_uOB_1050:3072757,52.373,22.387,-7.325,49.167,20.266,-7.85,55.58,24.508,-6.8,6.414,4.242,1.05,IfcMaterialLayerSetUsage,,False,True,RB_MB_uOB_1050
11Je14my97hBHYwYXU$RaJ,IfcSlab,Geschossdecke:RB_BPL_OB_550_WU:3072786,86.991,-0.423,-8.065,86.791,-2.798,-8.34,87.191,1.953,-7.79,0.4,4.751,0.55,IfcMaterialLayerSetUsage,,False,True,RB_BPL_OB_550_WU
11Je14my97hBHYwYXU$RaP,IfcSlab,Geschossdecke:RB_MB_uOB_550:3072792,86.541,-0.423,-8.065,86.291,-2.798,-8.34,86.791,1.953,-7.79,0.5,4.751,0.55,IfcMaterialLayerSetUsage,,False,True,RB_MB_uOB_550
11Je14my97hBHYwYXU$RaS,IfcSlab,Geschossdecke:RB_MB_uOB_990:3072797,82.69,3.978,-7.295,82.44,-2.798,-7.79,82.94,10.755,-6.8,0.5,13.553,0.99,IfcMaterialLayerSetUsage,,False,True,RB_MB_uOB_990
11Je14my97hBHYwYXU$RaZ,IfcSlab,Geschossdecke:RB_MB_uOB_1000:3072802,94.338,-1.634,-7.44,87.511,-6.22,-7.94,101.164,2.953,-6.94,13.653,9.173,1.0,IfcMaterialLayerSetUsage,,False,True,RB_MB_uOB_1000
11Je14my97hBHYwYXU$Rak,IfcSlab,Geschossdecke:RB_SKS_uOB_100:3072815,59.96,8.304,-6.85,36.58,-4.599,-6.9,83.34,21.208,-6.8,46.76,25.806,0.1,Ortbeton - Sauberkeitsschicht,,False,False,RB_SKS_uOB_100
11Je14my97hBHYwYXU$Rat,IfcSlab,Geschossdecke:RB_SKS_uOB_100:3072822,93.728,-1.628,-8.55,86.291,-6.209,-8.6,101.164,2.953,-8.5,14.873,9.162,0.1,IfcMaterialLayerSetUsage,,False,False,RB_SKS_uOB_100
11Je14my97hBHYwYXU$Rb1,IfcSlab,Geschossdecke:RB_SKS_uOB_100:3072832,84.816,3.983,-7.84,82.44,-2.798,-7.89,87.191,10.765,-7.79,4.751,13.563,0.1,IfcMaterialLayerSetUsage,,False,False,RB_SKS_uOB_100
11Je14my97hBHYwYXU$RbH,IfcSlab,Geschossdecke:RB_SKS_uOB_100:3072848,99.514,-4.559,-9.29,98.814,-5.259,-9.34,100.214,-3.859,-9.24,1.4,1.4,0.1,IfcMaterialLayerSetUsage,,False,False,RB_SKS_uOB_100
11Je14my97hBHYwYXU$RbM,IfcSlab,Geschossdecke:RB_DMG_BPL_160:3072855,93.728,-1.628,-8.42,86.291,-6.209,-8.5,101.164,2.953,-8.34,14.873,9.162,0.16,IfcMaterialLayerSetUsage,,False,False,RB_DMG_BPL_160
11Je14my97hBHYwYXU$RcN,IfcSlab,Geschossdecke:RB_DMG_BPL_120:3072918,59.955,24.228,-5.94,36.449,23.828,-6.0,83.46,24.628,-5.88,47.011,0.801,0.12,IfcMaterialLayerSetUsage,,False,False,RB_DMG_BPL_120
11Je14my97hBHYwYXU$RcT,IfcSlab,Geschossdecke:RB_DMG_BPL_200:3072924,91.857,-1.628,-3.91,83.389,-5.369,-4.01,100.324,2.113,-3.81,16.935,7.482,0.2,IfcMaterialLayerSetUsage,,False,False,RB_DMG_BPL_200
11Je14my97hBHYwYXU$RdJ,IfcSlab,Geschossdecke:RB_DMG_BPL_120:3072978,36.594,9.494,-1.45,36.459,-4.719,-1.51,36.73,23.708,-1.39,0.27,28.426,0.12,IfcMaterialLayerSetUsage,,False,False,RB_DMG_BPL_120
11Je14my97hBHYwYXU$RdO,IfcSlab,Geschossdecke:RB_DMG_BPL_120:3072985,85.386,10.805,-6.03,83.46,10.724,-6.09,87.311,10.885,-5.97,3.851,0.16,0.12,IfcMaterialLayerSetUsage,,False,False,RB_DMG_BPL_120
11Je14my97hBHYwYXU$Ru6,IfcSlab,Geschossdecke:RB_MB_uOB_390:3073031,52.373,22.387,-8.045,49.167,20.266,-8.24,55.58,24.508,-7.85,6.414,4.242,0.39,IfcMaterialLayerSetUsage,,False,True,RB_MB_uOB_390
11Je14my97hBHYwYXU$RuF,IfcSlab,Geschossdecke:RB_MB_uOB_390:3073038,67.676,22.387,-8.045,64.469,20.266,-8.24,70.882,24.508,-7.85,6.414,4.242,0.39,IfcMaterialLayerSetUsage,,False,True,RB_MB_uOB_390
11Je14my97hBHYwYXU$RhP,IfcColumn,STB StÃ¼tze - rechteckig1:RB_ST_OB_400 x 1600:3072216,82.53,-4.399,7.965,82.33,-4.599,4.55,82.73,-4.199,11.38,0.4,0.4,6.83,Ortbeton - bewehrt,,True,,RB_ST_OB_400 x 1600
11Je14my97hBHYwYXU$RhO,IfcColumn,STB StÃ¼tze - rechteckig1:RB_ST_OB_400 x 1600:3072217,37.53,-4.399,7.965,37.33,-4.599,4.55,37.73,-4.199,11.38,0.4,0.4,6.83,Ortbeton - bewehrt,,True,,RB_ST_OB_400 x 1600
11Je14my97hBHYwYXU$RhR,IfcColumn,STB StÃ¼tze - rechteckig1:RB_ST_OB_400 x 1550:3072218,52.405,23.501,10.38,52.205,23.301,9.38,52.605,23.701,11.38,0.4,0.4,2.0,Ortbeton - bewehrt,,True,,RB_ST_OB_400 x 1550
11Je14my97hBHYwYXU$RhQ,IfcColumn,STB StÃ¼tze - rechteckig1:RB_ST_OB_400 x 1550:3072219,67.655,23.501,10.38,67.455,23.301,9.38,67.855,23.701,11.38,0.4,0.4,2.0,Ortbeton - bewehrt,,True,,RB_ST_OB_400 x 1550
11Je14my97hBHYwYXU$RhS,IfcColumn,STB StÃ¼tze - rechteckig1:RB_ST_OB_400 x 2350:3072221,52.405,-4.399,7.965,52.205,-4.599,4.55,52.605,-4.199,11.38,0.4,0.4,6.83,Ortbeton - bewehrt,,True,,RB_ST_OB_400 x 2350
11Je14my97hBHYwYXU$RhV,IfcColumn,STB StÃ¼tze - rechteckig1:RB_ST_OB_400 x 2350:3072222,67.655,-4.399,7.965,67.455,-4.599,4.55,67.855,-4.199,11.38,0.4,0.4,6.83,Ortbeton - bewehrt,,True,,RB_ST_OB_400 x 2350
11Je14my97hBHYwYXU$RhU,IfcColumn,STB StÃ¼tze - rechteckig1:RB_ST_OB_400 x 1600:3072223,82.53,23.501,10.38,82.33,23.301,9.38,82.73,23.701,11.38,0.4,0.4,2.0,Ortbeton - bewehrt,,True,,RB_ST_OB_400 x 1600
11Je14my97hBHYwYXU$RhX,IfcColumn,STB StÃ¼tze - rechteckig1:RB_ST_OB_400 x 1600:3072224,37.53,23.501,10.38,37.33,23.301,9.38,37.73,23.701,11.38,0.4,0.4,2.0,Ortbeton - bewehrt,,True,,RB_ST_OB_400 x 1600
11Je14my97hBHYwYXU$RhW,IfcColumn,STB StÃ¼tze - rechteckig1:RB_ST_OB_400 x 1600:3072225,82.54,23.507,-1.735,82.34,23.307,-6.0,82.74,23.707,2.53,0.4,0.4,8.53,Ortbeton - bewehrt,,True,,RB_ST_OB_400 x 1600
11Je14my97hBHYwYXU$RhZ,IfcColumn,STB StÃ¼tze - rechteckig1:RB_ST_OB_400 x 1550:3072226,52.405,23.501,-1.735,52.205,23.301,-6.0,52.605,23.701,2.53,0.4,0.4,8.53,Ortbeton - bewehrt,,True,,RB_ST_OB_400 x 1550
11Je14my97hBHYwYXU$RhY,IfcColumn,STB StÃ¼tze - rechteckig1:RB_ST_OB_400 x 1550:3072227,67.655,23.501,-1.735,67.455,23.301,-6.0,67.855,23.701,2.53,0.4,0.4,8.53,Ortbeton - bewehrt,,True,,RB_ST_OB_400 x 1550
11Je14my97hBHYwYXU$Rhb,IfcColumn,STB StÃ¼tze - rechteckig1:RB_ST_OB_400 x 1600:3072228,37.53,23.508,-1.735,37.33,23.308,-6.0,37.73,23.708,2.53,0.4,0.4,8.53,Ortbeton - bewehrt,,True,,RB_ST_OB_400 x 1600
11Je14my97hBHYwYXU$Rha,IfcColumn,STB StÃ¼tze - rechteckig1:RB_ST_OB_400 x 1600:3072229,82.53,-4.399,0.98,82.33,-4.599,-0.92,82.73,-4.199,2.88,0.4,0.4,3.8,Ortbeton - bewehrt,,True,,RB_ST_OB_400 x 1600
11Je14my97hBHYwYXU$Rhd,IfcColumn,STB StÃ¼tze - rechteckig1:RB_ST_OB_400 x 1600:3072230,37.53,-4.399,0.98,37.33,-4.599,-0.92,37.73,-4.199,2.88,0.4,0.4,3.8,Ortbeton - bewehrt,,True,,RB_ST_OB_400 x 1600
11Je14my97hBHYwYXU$Rhc,IfcColumn,STB StÃ¼tze - rechteckig1:RB_ST_OB_400 x 2350:3072231,52.405,-4.399,0.98,52.205,-4.599,-0.92,52.605,-4.199,2.88,0.4,0.4,3.8,Ortbeton - bewehrt,,True,,RB_ST_OB_400 x 2350
11Je14my97hBHYwYXU$Rhf,IfcColumn,STB StÃ¼tze - rechteckig1:RB_ST_OB_400 x 2350:3072232,67.655,-4.399,0.98,67.455,-4.599,-0.92,67.855,-4.199,2.88,0.4,0.4,3.8,Ortbeton - bewehrt,,True,,RB_ST_OB_400 x 2350
11Je14my97hBHYwYXU$Ri5,IfcColumn,STB StÃ¼tze - rechteckig1:RB_ST_OB_400 x 1550:3072260,52.405,23.501,6.09,52.205,23.301,4.55,52.605,23.701,7.63,0.4,0.4,3.08,Ortbeton - bewehrt,,True,,RB_ST_OB_400 x 1550
11Je14my97hBHYwYXU$Ri4,IfcColumn,STB StÃ¼tze - rechteckig1:RB_ST_OB_400 x 1550:3072261,67.655,23.501,6.09,67.455,23.301,4.55,67.855,23.701,7.63,0.4,0.4,3.08,Ortbeton - bewehrt,,True,,RB_ST_OB_400 x 1550
11Je14my97hBHYwYXU$Ri7,IfcColumn,STB StÃ¼tze - rechteckig1:RB_ST_OB_400 x 1600:3072262,82.53,23.501,6.09,82.33,23.301,4.55,82.73,23.701,7.63,0.4,0.4,3.08,Ortbeton - bewehrt,,True,,RB_ST_OB_400 x 1600
11Je14my97hBHYwYXU$Ri6,IfcColumn,STB StÃ¼tze - rechteckig1:RB_ST_OB_400 x 1600:3072263,37.53,23.501,6.09,37.33,23.301,4.55,37.73,23.701,7.63,0.4,0.4,3.08,Ortbeton - bewehrt,,True,,RB_ST_OB_400 x 1600
11Je14my97hBHYwYXU$RZ6,IfcBeam,SchweiÃŸverbundtrÃ¤ger:TRG_STA_SVT_1250 x 500:3072711,79.351,9.555,3.725,79.101,-4.198,3.1,79.601,23.308,4.35,0.5,27.505,1.25,Metall - Baustahl S235,,True,,TRG_STA_SVT_1250 x 500
11Je14my97hBHYwYXU$RZ9,IfcBeam,SchweiÃŸverbundtrÃ¤ger:TRG_STA_SVT_1250 x 500:3072712,75.613,9.554,3.725,75.363,-4.199,3.1,75.863,23.306,4.35,0.5,27.505,1.25,Metall - Baustahl S235,,True,,TRG_STA_SVT_1250 x 500
11Je14my97hBHYwYXU$RZ8,IfcBeam,SchweiÃŸverbundtrÃ¤ger:TRG_STA_SVT_1250 x 500:3072713,71.873,9.554,3.725,71.623,-4.199,3.1,72.123,23.306,4.35,0.5,27.505,1.25,Metall - Baustahl S235,,True,,TRG_STA_SVT_1250 x 500
11Je14my97hBHYwYXU$RZB,IfcBeam,SchweiÃŸverbundtrÃ¤ger:TRG_STA_SVT_1250 x 350:3072714,68.23,9.554,3.725,68.055,-4.199,3.1,68.405,23.306,4.35,0.35,27.505,1.25,Metall - Baustahl S235,,True,,TRG_STA_SVT_1250 x 350
11Je14my97hBHYwYXU$RZA,IfcBeam,SchweiÃŸverbundtrÃ¤ger:TRG_STA_SVT_1250 x 350:3072715,67.13,9.554,3.725,66.955,-4.199,3.1,67.305,23.306,4.35,0.35,27.505,1.25,Metall - Baustahl S235,,True,,TRG_STA_SVT_1250 x 350
11Je14my97hBHYwYXU$RZD,IfcBeam,SchweiÃŸverbundtrÃ¤ger:TRG_STA_SVT_1250 x 500:3072716,63.543,9.554,3.725,63.293,-4.199,3.1,63.793,23.306,4.35,0.5,27.505,1.25,Metall - Baustahl S235,,True,,TRG_STA_SVT_1250 x 500
11Je14my97hBHYwYXU$RZC,IfcBeam,SchweiÃŸverbundtrÃ¤ger:TRG_STA_SVT_1250 x 500:3072717,59.943,9.554,3.725,59.693,-4.199,3.1,60.193,23.306,4.35,0.5,27.505,1.25,Metall - Baustahl S235,,True,,TRG_STA_SVT_1250 x 500
11Je14my97hBHYwYXU$RZF,IfcBeam,SchweiÃŸverbundtrÃ¤ger:TRG_STA_SVT_1250 x 500:3072718,56.343,9.554,3.725,56.093,-4.199,3.1,56.593,23.306,4.35,0.5,27.505,1.25,Metall - Baustahl S235,,True,,TRG_STA_SVT_1250 x 500
11Je14my97hBHYwYXU$RZE,IfcBeam,SchweiÃŸverbundtrÃ¤ger:TRG_STA_SVT_1250 x 350:3072719,52.93,9.554,3.725,52.755,-4.199,3.1,53.105,23.306,4.35,0.35,27.505,1.25,Metall - Baustahl S235,,True,,TRG_STA_SVT_1250 x 350
11Je14my97hBHYwYXU$RZH,IfcBeam,SchweiÃŸverbundtrÃ¤ger:TRG_STA_SVT_1250 x 350:3072720,51.83,9.554,3.725,51.655,-4.199,3.1,52.005,23.306,4.35,0.35,27.505,1.25,Metall - Baustahl S235,,True,,TRG_STA_SVT_1250 x 350
11Je14my97hBHYwYXU$RZG,IfcBeam,SchweiÃŸverbundtrÃ¤ger:TRG_STA_SVT_1250 x 500:3072721,48.038,9.554,3.725,47.788,-4.199,3.1,48.288,23.306,4.35,0.5,27.505,1.25,Metall - Baustahl S235,,True,,TRG_STA_SVT_1250 x 500
11Je14my97hBHYwYXU$RZJ,IfcBeam,SchweiÃŸverbundtrÃ¤ger:TRG_STA_SVT_1250 x 500:3072722,44.298,9.554,3.725,44.048,-4.199,3.1,44.548,23.306,4.35,0.5,27.505,1.25,Metall - Baustahl S235,,True,,TRG_STA_SVT_1250 x 500
11Je14my97hBHYwYXU$RZI,IfcBeam,SchweiÃŸverbundtrÃ¤ger:TRG_STA_SVT_1250 x 500:3072723,40.558,9.554,3.725,40.308,-4.199,3.1,40.808,23.306,4.35,0.5,27.505,1.25,Metall - Baustahl S235,,True,,TRG_STA_SVT_1250 x 500
11Je14my97hBHYwYXU$RZL,IfcBeam,SchweiÃŸverbundtrÃ¤ger:TRG_STA_SVT_1100 x 400:3072724,78.13,9.551,12.33,77.93,-4.199,11.78,78.33,23.301,12.88,0.4,27.5,1.1,Metall - Baustahl S235,,True,,TRG_STA_SVT_1100 x 400
11Je14my97hBHYwYXU$RZK,IfcBeam,SchweiÃŸverbundtrÃ¤ger:TRG_STA_SVT_1100 x 400:3072725,73.18,9.551,12.33,72.98,-4.199,11.78,73.38,23.301,12.88,0.4,27.5,1.1,Metall - Baustahl S235,,True,,TRG_STA_SVT_1100 x 400
11Je14my97hBHYwYXU$RZN,IfcBeam,SchweiÃŸverbundtrÃ¤ger:TRG_STA_SVT_1100 x 250:3072726,68.23,9.551,12.33,68.105,-4.199,11.78,68.355,23.301,12.88,0.25,27.5,1.1,Metall - Baustahl S235,,True,,TRG_STA_SVT_1100 x 250
11Je14my97hBHYwYXU$RZM,IfcBeam,SchweiÃŸverbundtrÃ¤ger:TRG_STA_SVT_1100 x 250:3072727,67.13,9.551,12.33,67.005,-4.199,11.78,67.255,23.301,12.88,0.25,27.5,1.1,Metall - Baustahl S235,,True,,TRG_STA_SVT_1100 x 250
11Je14my97hBHYwYXU$RZP,IfcBeam,SchweiÃŸverbundtrÃ¤ger:TRG_STA_SVT_1100 x 400:3072728,62.395,9.551,12.33,62.195,-4.199,11.78,62.595,23.301,12.88,0.4,27.5,1.1,Metall - Baustahl S235,,True,,TRG_STA_SVT_1100 x 400
11Je14my97hBHYwYXU$RZO,IfcBeam,SchweiÃŸverbundtrÃ¤ger:TRG_STA_SVT_1100 x 400:3072729,57.665,9.551,12.33,57.465,-4.199,11.78,57.865,23.301,12.88,0.4,27.5,1.1,Metall - Baustahl S235,,True,,TRG_STA_SVT_1100 x 400
11Je14my97hBHYwYXU$RZR,IfcBeam,SchweiÃŸverbundtrÃ¤ger:TRG_STA_SVT_1100 x 250:3072730,52.93,9.551,12.33,52.805,-4.199,11.78,53.055,23.301,12.88,0.25,27.5,1.1,Metall - Baustahl S235,,True,,TRG_STA_SVT_1100 x 250
11Je14my97hBHYwYXU$RZQ,IfcBeam,SchweiÃŸverbundtrÃ¤ger:TRG_STA_SVT_1100 x 250:3072731,51.83,9.551,12.33,51.705,-4.199,11.78,51.955,23.301,12.88,0.25,27.5,1.1,Metall - Baustahl S235,,True,,TRG_STA_SVT_1100 x 250
11Je14my97hBHYwYXU$RZT,IfcBeam,SchweiÃŸverbundtrÃ¤ger:TRG_STA_SVT_1100 x 400:3072732,46.88,9.551,12.33,46.68,-4.199,11.78,47.08,23.301,12.88,0.4,27.5,1.1,Metall - Baustahl S235,,True,,TRG_STA_SVT_1100 x 400
11Je14my97hBHYwYXU$RZS,IfcBeam,SchweiÃŸverbundtrÃ¤ger:TRG_STA_SVT_1100 x 400:3072733,41.93,9.551,12.33,41.73,-4.199,11.78,42.13,23.301,12.88,0.4,27.5,1.1,Metall - Baustahl S235,,True,,TRG_STA_SVT_1100 x 400
11Je14my97hBHYwYfU$RW1,IfcStair,RB_TH6_UG01:RB_TH6_UG01:3072512,84.05,6.219,-6.607,83.355,4.964,-7.375,84.746,7.475,-5.84,1.39,2.511,1.535,Betonfertigteil - ohne DÃ¤mmeigenschaften,,,,RB_TH6_UG01
11Je14my97hBHYwYXU$RW1,IfcStair,RB_TH6_UG01:RB_TH6_UG01:3072512,0.0,0.0,0.0,0.0,0.0,0.0,0.0,0.0,0.0,0.0,0.0,0.0,,,,,RB_TH6_UG01
11Je14my97hBHYwYfU$RWt,IfcStair,RB_TH6_UG02:RB_TH6_UG02:3072566,86.227,4.472,-4.529,85.536,1.468,-6.22,86.918,7.475,-2.839,1.382,6.007,3.381,Betonfertigteil - ohne DÃ¤mmeigenschaften,,,,RB_TH6_UG02
11Je14my97hBHYwYXU$RWt,IfcStair,RB_TH6_UG02:RB_TH6_UG02:3072566,0.0,0.0,0.0,0.0,0.0,0.0,0.0,0.0,0.0,0.0,0.0,0.0,,,,,RB_TH6_UG02
11Je14my97hBHYwYfU$RXj,IfcStair,RB_TH6_EG01:RB_TH6_EG01:3072620,84.044,4.472,-1.519,83.342,1.468,-3.199,84.746,7.475,0.161,1.404,6.007,3.361,Betonfertigteil - ohne DÃ¤mmeigenschaften,,,,RB_TH6_EG01
11Je14my97hBHYwYXU$RXj,IfcStair,RB_TH6_EG01:RB_TH6_EG01:3072620,0.0,0.0,0.0,0.0,0.0,0.0,0.0,0.0,0.0,0.0,0.0,0.0,,,,,RB_TH6_EG01
11Je14my97hBHYwYfU$RYP,IfcStair,RB_TH6_EG02:RB_TH6_EG02:3072664,86.227,5.052,1.065,85.536,2.628,-0.199,86.918,7.475,2.328,1.382,4.847,2.527,Betonfertigteil - ohne DÃ¤mmeigenschaften,,,,RB_TH6_EG02
11Je14my97hBHYwYXU$RYP,IfcStair,RB_TH6_EG02:RB_TH6_EG02:3072664,0.0,0.0,0.0,0.0,0.0,0.0,0.0,0.0,0.0,0.0,0.0,0.0,,,,,RB_TH6_EG02
11Je14my97hBHYwYfU$RZ7,IfcStair,RB_TH6_OG01:RB_TH6_OG01:3072710,84.048,5.052,3.315,83.35,2.628,1.968,84.746,7.475,4.662,1.396,4.847,2.694,Betonfertigteil - ohne DÃ¤mmeigenschaften,,,,RB_TH6_OG01
11Je14my97hBHYwYXU$RZ7,IfcStair,RB_TH6_OG01:RB_TH6_OG01:3072710,0.0,0.0,0.0,0.0,0.0,0.0,0.0,0.0,0.0,0.0,0.0,0.0,,,,,RB_TH6_OG01
11Je14my97hBHYwYXU$RaH,IfcBuildingElementProxy,Plattenkante:RB_BPL_MB_VT_1050 x 45Â°:3072784,60.025,20.741,-7.325,48.117,19.216,-7.85,71.934,22.266,-6.8,23.817,3.05,1.05,,,,,RB_BPL_MB_VT_1050 x 45Â°
11Je14my97hBHYwYXU$Rdf,IfcBuildingElementProxy,Plattenkante:RB_BPL_MB_VT_900 x 45Â°:3073000,99.514,-4.559,-8.92,98.174,-5.899,-9.24,100.854,-3.219,-8.6,2.68,2.68,0.64,,,,,RB_BPL_MB_VT_900 x 45Â°
11Je14my97hBHYwYXU$Rdw,IfcBuildingElementProxy,Plattenkante:RB_BPL_MB_VT_900 x 45Â°:3073019,82.445,-3.243,-7.345,81.55,-3.688,-7.79,83.34,-2.798,-6.9,1.79,0.89,0.89,,,,,RB_BPL_MB_VT_900 x 45Â°
11Je14my97hBHYwYXU$Rdz,IfcBuildingElementProxy,Plattenkante:RB_BPL_MB_VT_900 x 45Â°:3073020,82.44,3.983,-7.34,81.54,-3.698,-7.79,83.34,11.665,-6.89,1.8,15.363,0.9,,,,,RB_BPL_MB_VT_900 x 45Â°
11Je14my97hBHYwYXU$Rd_,IfcBuildingElementProxy,Plattenkante:RB_BPL_MB_VT_550 x 45Â°:3073023,86.516,-0.198,-8.115,85.841,-2.798,-8.34,87.191,2.403,-7.89,1.35,5.201,0.45,,,,,RB_BPL_MB_VT_550 x 45Â°
11Je14my97hBHYwYXU$RTD,IfcBuildingElementProxy,Doka_588188000_GMF:Doka_588188000_Framax tie-holder bracket_GMF:3075404,22.414,14.138,-3.015,22.369,14.074,-3.08,22.459,14.202,-2.95,0.09,0.128,0.13,Doka_steel_blue,,,,Doka_588188000_Framax tie-holder bracket_GMF
1JrYh29o1ByOeU6X5ndqeN,IfcBuildingElementProxy,"RB WK 7534.16 - 75,0 m Ausladung:RB WK 7534.16 - 75,0 m Ausladung:3131108",67.378,33.278,30.395,19.35,30.94,0.0,115.405,35.615,60.79,96.055,4.675,60.79,IfcMaterialList,,,,"RB WK 7534.16 - 75,0 m Ausladung"
1JrYh29o1ByOeU6X5ndsOF,IfcBuildingElementProxy,CPAC Concrete Truck 10 wheel:à¸£à¸–à¹‚à¸¡à¹ˆ Cpac_(10 à¸¥à¹‰à¸­):3140348,62.16,-8.351,-0.93,57.888,-9.939,-3.0,66.432,-6.763,1.139,8.544,3.176,4.139,Fanalini rossi volvo,,,,à¸£à¸–à¹‚à¸¡à¹ˆ Cpac_(10 à¸¥à¹‰à¸­)
1JrYh29o1ByOeU6X5ndsV_,IfcBuildingElementProxy,CPAC Concrete Truck 10 wheel:à¸£à¸–à¹‚à¸¡à¹ˆ Cpac_(10 à¸¥à¹‰à¸­):3140365,62.453,-11.708,-0.93,58.181,-13.296,-3.0,66.725,-10.119,1.139,8.544,3.176,4.139,Fanalini rossi volvo,,,,à¸£à¸–à¹‚à¸¡à¹ˆ Cpac_(10 à¸¥à¹‰à¸­)
1JrYh29o1ByOeU6X5ndsUz,IfcBuildingElementProxy,CPAC Concrete Truck 10 wheel:à¸£à¸–à¹‚à¸¡à¹ˆ Cpac_(10 à¸¥à¹‰à¸­):3140430,80.357,-8.174,-2.48,76.085,-9.762,-4.55,84.629,-6.586,-0.411,8.544,3.176,4.139,IfcMaterialList,,,,à¸£à¸–à¹‚à¸¡à¹ˆ Cpac_(10 à¸¥à¹‰à¸­)
1JrYh29o1ByOeU6X5nW3hj,IfcBuildingElementProxy,CPAC Concrete Truck 10 wheel:à¸£à¸–à¹‚à¸¡à¹ˆ Cpac_(10 à¸¥à¹‰à¸­):3192350,115.269,-5.777,-2.48,111.166,-8.978,-4.55,119.372,-2.576,-0.411,8.206,6.402,4.139,IfcMaterialList,,,,à¸£à¸–à¹‚à¸¡à¹ˆ Cpac_(10 à¸¥à¹‰à¸­)
1JrYh29o1ByOeU6X5nW3hG,IfcBuildingElementProxy,CPAC Concrete Truck 10 wheel:à¸£à¸–à¹‚à¸¡à¹ˆ Cpac_(10 à¸¥à¹‰à¸­):3192355,132.408,0.947,-2.48,128.136,-0.641,-4.55,136.68,2.535,-0.411,8.544,3.176,4.139,IfcMaterialList,,,,à¸£à¸–à¹‚à¸¡à¹ˆ Cpac_(10 à¸¥à¹‰à¸­)
1JrYh29o1ByOeU6X5nW3ix,IfcBuildingElementProxy,Tadano_GR-700N-2:Tadano_GR-700N-2:3192776,40.511,42.296,9.5,27.032,35.404,0.0,53.989,49.187,19.0,26.957,13.782,19.0,IfcMaterialList,,,,Tadano_GR-700N-2
